FiscalYear,FiscalQuarter,Department,Branch,BudgetedHeadcount,AllocatedSalaryBudget_EGP,OvertimeAllowance_EGP
2022,Q1,الإدارة المالية,أسيوط - أسيوط الجديدة,70,2943360,321934.88
2022,Q1,الإدارة المالية,الإسكندرية - سموحة,45,2146365,107869.46
2022,Q1,الإدارة المالية,الإسكندرية - لوران,71,3649116,387237.57
2022,Q1,الإدارة المالية,الجيزة - 6 أكتوبر,46,1931310,130292.19
2022,Q1,الإدارة المالية,الجيزة - الدقي,69,2231460,208602.11
2022,Q1,الإدارة المالية,الجيزة - الشيخ زايد,56,1793400,190696.62
2022,Q1,الإدارة المالية,المنصورة,79,3724692,233382.35
2022,Q1,الإدارة المالية,الغربية - طنطا,80,3816480,358599.08
2022,Q1,الإدارة المالية,التجمع,35,1411200,82545.67
2022,Q1,الإدارة المالية,القاهرة - القرية الذكية,58,2232942,161332.88
2022,Q1,الإدارة المالية,فرع المعادي,43,1267683,119953.33
2022,Q1,الإدارة المالية,القاهرة - مصر الجديدة,58,1860756,101979.83
2022,Q1,الإدارة المالية,بورسعيد - الشرق,38,1404822,72539.47
2022,Q1,الإدارة المالية,دمياط - دمياط الجديدة,28,857808,85807.79
2022,Q1,التسويق والمبيعات,أسيوط - أسيوط الجديدة,49,1474998,110390.51
2022,Q1,التسويق والمبيعات,الاسكندرية سموحة,23,987183,74518.54
2022,Q1,التسويق والمبيعات,لوران,31,1381050,102152.3
2022,Q1,التسويق والمبيعات,الجيزة - 6 أكتوبر,18,852282,98148.61
2022,Q1,التسويق والمبيعات,الجيزة - الدقي,64,1786176,163866.76
2022,Q1,التسويق والمبيعات,الجيزة - الشيخ زايد,42,2117934,111200.97
2022,Q1,التسويق والمبيعات,المنصورة,15,707625,82359.68
2022,Q1,التسويق والمبيعات,الغربية - طنطا,78,2957292,175969.78
2022,Q1,التسويق والمبيعات,فرع التجمع,40,1854000,181952.24
2022,Q1,التسويق والمبيعات,القاهرة - القرية الذكية,65,2081235,237671.4
2022,Q1,التسويق والمبيعات,القاهرة - المعادي,17,858177,102493.97
2022,Q1,التسويق والمبيعات,القاهرة - مصر الجديدة,18,492696,46565.46
2022,Q1,التسويق والمبيعات,بورسعيد - الشرق,50,2515350,253801.68
2022,Q1,التسويق والمبيعات,دمياط - دمياط الجديدة,79,3641031,358551.0
2022,Q1,العمليات وسلاسل الإمداد,أسيوط - أسيوط الجديدة,61,2662833,203492.31
2022,Q1,العمليات وسلاسل الإمداد,الإسكندرية - سموحة,19,656013,65442.38
2022,Q1,العمليات وسلاسل الإمداد,الإسكندرية - لوران,46,1908402,167361.07
2022,Q1,العمليات وسلاسل الإمداد,الجيزة - 6 أكتوبر,67,2071104,211186.65
2022,Q1,العمليات وسلاسل الإمداد,الجيزة - الدقي,59,3024930,273815.57
2022,Q1,العمليات وسلاسل الإمداد,الجيزة - الشيخ زايد,36,1541268,112377.6
2022,Q1,العمليات وسلاسل الإمداد,الدقهلية - المنصورة,52,2069808,186140.63
2022,Q1,العمليات وسلاسل الإمداد,الغربية - طنطا,59,1776018,189553.18
2022,Q1,العمليات وسلاسل الإمداد,فرع التجمع,25,1128900,65482.31
2022,Q1,العمليات وسلاسل الإمداد,القاهرة - القرية الذكية,17,824823,48843.88
2022,Q1,العمليات وسلاسل الإمداد,القاهرة - المعادي,15,646065,61718.82
2022,Q1,العمليات وسلاسل الإمداد,القاهرة - مصر الجديدة,15,566820,46391.04
2022,Q1,العمليات وسلاسل الإمداد,الشرق,17,595272,40741.98
2022,Q1,العمليات وسلاسل الإمداد,دمياط - دمياط الجديدة,48,1770768,100008.22
2022,Q1,الموارد البشرية,أسيوط - أسيوط الجديدة,38,1258446,149425.69
2022,Q1,الموارد البشرية,الإسكندرية - سموحة,57,1682640,166715.06
2022,Q1,الموارد البشرية,لوران,15,489600,36695.43
2022,Q1,الموارد البشرية,الجيزة - 6 أكتوبر,53,2674380,215926.54
2022,Q1,الموارد البشرية,الدقي,76,3470844,410381.1
2022,Q1,الموارد البشرية,الجيزة - الشيخ زايد,19,538821,58037.89
2022,Q1,الموارد البشرية,الدقهلية - المنصورة,24,922176,56843.03
2022,Q1,الموارد البشرية,الغربية - طنطا,32,1599936,158149.74
2022,Q1,الموارد البشرية,القاهرة - التجمع الخامس,71,2934714,305494.0
2022,Q1,الموارد البشرية,القاهرة - القرية الذكية,28,854616,83044.7
2022,Q1,الموارد البشرية,القاهرة - المعادي,55,1554135,148370.38
2022,Q1,الموارد البشرية,القاهرة - مصر الجديدة,78,3820752,438130.28
2022,Q1,الموارد البشرية,الشرق,72,2117016,199986.83
2022,Q1,الموارد البشرية,دمياط - دمياط الجديدة,58,1969332,173207.38
2022,Q1,تكنولوجيا المعلومات,أسيوط - أسيوط الجديدة,70,2484090,196021.13
2022,Q1,تكنولوجيا المعلومات,الاسكندرية سموحة,64,2126400,250885.23
2022,Q1,تكنولوجيا المعلومات,الإسكندرية - لوران,18,533844,33794.29
2022,Q1,تكنولوجيا المعلومات,الجيزة - 6 أكتوبر,51,2754000,243697.91
2022,Q1,تكنولوجيا المعلومات,الجيزة - الدقي,41,1153740,80145.18
2022,Q1,تكنولوجيا المعلومات,الجيزة - الشيخ زايد,75,2481075,201097.34
2022,Q1,تكنولوجيا المعلومات,الدقهلية - المنصورة,18,848286,94447.22
2022,Q1,تكنولوجيا المعلومات,الغربية - طنطا,32,1083936,66715.12
2022,Q1,تكنولوجيا المعلومات,التجمع,31,939207,97481.76
2022,Q1,تكنولوجيا المعلومات,القاهرة - القرية الذكية,44,2131008,226758.78
2022,Q1,تكنولوجيا المعلومات,المعادي,28,1195404,79904.13
2022,Q1,تكنولوجيا المعلومات,القاهرة - مصر الجديدة,78,2580786,133901.16
2022,Q1,تكنولوجيا المعلومات,الشرق,38,1898784,112213.54
2022,Q1,تكنولوجيا المعلومات,دمياط - دمياط الجديدة,16,449280,52740.84
2022,Q1,خدمة العملاء والعمليات المساندة,أسيوط - أسيوط الجديدة,47,2357379,210953.62
2022,Q1,خدمة العملاء والعمليات المساندة,سموحة,70,2916480,221134.37
2022,Q1,خدمة العملاء والعمليات المساندة,لوران,29,1186854,124269.36
2022,Q1,خدمة العملاء والعمليات المساندة,الجيزة - 6 أكتوبر,18,728298,85593.3
2022,Q1,خدمة العملاء والعمليات المساندة,الجيزة - الدقي,76,4099440,297217.3
2022,Q1,خدمة العملاء والعمليات المساندة,الجيزة - الشيخ زايد,41,1230369,88936.2
2022,Q1,خدمة العملاء والعمليات المساندة,الدقهلية - المنصورة,51,2349162,208723.65
2022,Q1,خدمة العملاء والعمليات المساندة,الغربية - طنطا,37,1700631,185320.64
2022,Q1,خدمة العملاء والعمليات المساندة,القاهرة - التجمع الخامس,29,897666,105130.98
2022,Q1,خدمة العملاء والعمليات المساندة,القاهرة - القرية الذكية,38,1719462,189075.17
2022,Q1,خدمة العملاء والعمليات المساندة,القاهرة - المعادي,72,2117880,222505.5
2022,Q1,خدمة العملاء والعمليات المساندة,القاهرة - مصر الجديدة,15,460305,42557.48
2022,Q1,خدمة العملاء والعمليات المساندة,الشرق,21,643167,67727.4
2022,Q1,خدمة العملاء والعمليات المساندة,دمياط - دمياط الجديدة,72,2679048,237252.56
2022,Q2,الإدارة المالية,أسيوط - أسيوط الجديدة,39,1901718,214588.32
2022,Q2,الإدارة المالية,سموحة,30,1029240,98894.21
2022,Q2,الإدارة المالية,الإسكندرية - لوران,29,1246797,66511.59
2022,Q2,الإدارة المالية,الجيزة - 6 أكتوبر,28,1407672,154788.64
2022,Q2,الإدارة المالية,الدقي,45,1917945,222153.43
2022,Q2,الإدارة المالية,الجيزة - الشيخ زايد,16,598560,59659.8
2022,Q2,الإدارة المالية,الدقهلية - المنصورة,51,1634958,103318.77
2022,Q2,الإدارة المالية,الغربية - طنطا,27,1159758,98705.56
2022,Q2,الإدارة المالية,فرع التجمع,17,508419,30901.14
2022,Q2,الإدارة المالية,القاهرة - القرية الذكية,23,673578,43103.81
2022,Q2,الإدارة المالية,المعادي,44,2106060,217102.94
2022,Q2,الإدارة المالية,القاهرة - مصر الجديدة,61,1844640,130122.91
2022,Q2,الإدارة المالية,بورسعيد - الشرق,34,1463496,150493.12
2022,Q2,الإدارة المالية,دمياط - دمياط الجديدة,69,2242845,198678.41
2022,Q2,التسويق والمبيعات,أسيوط - أسيوط الجديدة,54,2119122,179874.14
2022,Q2,التسويق والمبيعات,الاسكندرية سموحة,27,1048221,96872.71
2022,Q2,التسويق والمبيعات,الإسكندرية - لوران,62,2799486,163084.62
2022,Q2,التسويق والمبيعات,الجيزة - 6 أكتوبر,63,3083157,273690.66
2022,Q2,التسويق والمبيعات,فرع الدقي,61,1954074,164537.51
2022,Q2,التسويق والمبيعات,الجيزة - الشيخ زايد,67,3458205,374188.23
2022,Q2,التسويق والمبيعات,الدقهلية - المنصورة,73,3515388,198339.51
2022,Q2,التسويق والمبيعات,الغربية - طنطا,78,2837250,217505.31
2022,Q2,التسويق والمبيعات,التجمع,28,1421112,107574.34
2022,Q2,التسويق والمبيعات,القاهرة - القرية الذكية,75,2684925,238405.91
2022,Q2,التسويق والمبيعات,القاهرة - المعادي,50,1686900,160661.58
2022,Q2,التسويق والمبيعات,القاهرة - مصر الجديدة,61,3261609,349457.57
2022,Q2,التسويق والمبيعات,بورسعيد - الشرق,22,733920,72945.8
2022,Q2,التسويق والمبيعات,دمياط - دمياط الجديدة,42,1584198,107540.89
2022,Q2,العمليات وسلاسل الإمداد,أسيوط - أسيوط الجديدة,16,502320,37477.43
2022,Q2,العمليات وسلاسل الإمداد,الإسكندرية - سموحة,36,1100412,60897.2
2022,Q2,العمليات وسلاسل الإمداد,لوران,16,805680,68878.98
2022,Q2,العمليات وسلاسل الإمداد,الجيزة - 6 أكتوبر,67,3236100,311536.37
2022,Q2,العمليات وسلاسل الإمداد,الجيزة - الدقي,50,2294250,245355.58
2022,Q2,العمليات وسلاسل الإمداد,الجيزة - الشيخ زايد,74,3046506,347747.4
2022,Q2,العمليات وسلاسل الإمداد,المنصورة,20,842760,44268.72
2022,Q2,العمليات وسلاسل الإمداد,الغربية - طنطا,26,955500,58771.13
2022,Q2,العمليات وسلاسل الإمداد,فرع التجمع,36,1794204,148248.26
2022,Q2,العمليات وسلاسل الإمداد,القاهرة - القرية الذكية,48,2461968,185950.06
2022,Q2,العمليات وسلاسل الإمداد,فرع المعادي,33,1090881,92437.49
2022,Q2,العمليات وسلاسل الإمداد,القاهرة - مصر الجديدة,47,2422098,133672.39
2022,Q2,العمليات وسلاسل الإمداد,الشرق,51,1841202,127720.75
2022,Q2,العمليات وسلاسل الإمداد,دمياط - دمياط الجديدة,16,514368,56456.16
2022,Q2,الموارد البشرية,أسيوط - أسيوط الجديدة,64,1907712,186318.69
2022,Q2,الموارد البشرية,سموحة,31,1029138,61321.43
2022,Q2,الموارد البشرية,لوران,72,2914272,205854.69
2022,Q2,الموارد البشرية,الجيزة - 6 أكتوبر,50,2573250,185924.08
2022,Q2,الموارد البشرية,الدقي,32,1629600,105695.42
2022,Q2,الموارد البشرية,الجيزة - الشيخ زايد,56,2387952,225637.45
2022,Q2,الموارد البشرية,الدقهلية - المنصورة,16,615216,54321.46
2022,Q2,الموارد البشرية,الغربية - طنطا,57,2507544,203796.74
2022,Q2,الموارد البشرية,القاهرة - التجمع الخامس,71,2311689,263682.45
2022,Q2,الموارد البشرية,القاهرة - القرية الذكية,37,1946163,232474.22
2022,Q2,الموارد البشرية,القاهرة - المعادي,64,2341632,217157.14
2022,Q2,الموارد البشرية,القاهرة - مصر الجديدة,17,720528,78439.29
2022,Q2,الموارد البشرية,بورسعيد - الشرق,26,957450,53501.76
2022,Q2,الموارد البشرية,دمياط - دمياط الجديدة,56,2444232,269513.36
2022,Q2,تكنولوجيا المعلومات,أسيوط - أسيوط الجديدة,52,2510352,224018.18
2022,Q2,تكنولوجيا المعلومات,سموحة,27,1037691,85596.17
2022,Q2,تكنولوجيا المعلومات,لوران,54,1610280,133202.32
2022,Q2,تكنولوجيا المعلومات,الجيزة - 6 أكتوبر,71,2302743,269469.38
2022,Q2,تكنولوجيا المعلومات,الجيزة - الدقي,25,894900,53990.08
2022,Q2,تكنولوجيا المعلومات,الجيزة - الشيخ زايد,54,2334258,138439.38
2022,Q2,تكنولوجيا المعلومات,الدقهلية - المنصورة,18,616356,59152.6
2022,Q2,تكنولوجيا المعلومات,الغربية - طنطا,42,1403262,129739.83
2022,Q2,تكنولوجيا المعلومات,القاهرة - التجمع الخامس,64,2011968,158158.21
2022,Q2,تكنولوجيا المعلومات,القاهرة - القرية الذكية,18,651834,35625.93
2022,Q2,تكنولوجيا المعلومات,فرع المعادي,20,674340,60345.17
2022,Q2,تكنولوجيا المعلومات,القاهرة - مصر الجديدة,79,4106973,440212.85
2022,Q2,تكنولوجيا المعلومات,بورسعيد - الشرق,77,2296602,154128.86
2022,Q2,تكنولوجيا المعلومات,دمياط - دمياط الجديدة,74,2345430,230819.08
2022,Q2,خدمة العملاء والعمليات المساندة,أسيوط - أسيوط الجديدة,36,1248156,116660.04
2022,Q2,خدمة العملاء والعمليات المساندة,الاسكندرية سموحة,78,3149406,350771.47
2022,Q2,خدمة العملاء والعمليات المساندة,لوران,78,3753360,304212.48
2022,Q2,خدمة العملاء والعمليات المساندة,الجيزة - 6 أكتوبر,56,2537976,196863.41
2022,Q2,خدمة العملاء والعمليات المساندة,الجيزة - الدقي,20,584400,49567.47
2022,Q2,خدمة العملاء والعمليات المساندة,الجيزة - الشيخ زايد,65,3231735,229943.58
2022,Q2,خدمة العملاء والعمليات المساندة,الدقهلية - المنصورة,75,3594600,397439.47
2022,Q2,خدمة العملاء والعمليات المساندة,الغربية - طنطا,46,1624674,160499.03
2022,Q2,خدمة العملاء والعمليات المساندة,التجمع,70,3016230,343942.39
2022,Q2,خدمة العملاء والعمليات المساندة,القاهرة - القرية الذكية,50,2465700,232353.03
2022,Q2,خدمة العملاء والعمليات المساندة,القاهرة - المعادي,65,2746185,313473.6
2022,Q2,خدمة العملاء والعمليات المساندة,القاهرة - مصر الجديدة,55,2705670,180830.62
2022,Q2,خدمة العملاء والعمليات المساندة,بورسعيد - الشرق,54,2747520,246157.18
2022,Q2,خدمة العملاء والعمليات المساندة,دمياط - دمياط الجديدة,32,1568640,143134.35
2022,Q3,الإدارة المالية,أسيوط - أسيوط الجديدة,43,1491885,157933.64
2022,Q3,الإدارة المالية,سموحة,43,2267562,131203.09
2022,Q3,الإدارة المالية,الإسكندرية - لوران,21,661878,44501.26
2022,Q3,الإدارة المالية,الجيزة - 6 أكتوبر,54,2473092,245859.64
2022,Q3,الإدارة المالية,فرع الدقي,70,1987020,131618.26
2022,Q3,الإدارة المالية,الجيزة - الشيخ زايد,58,2964960,150504.77
2022,Q3,الإدارة المالية,الدقهلية - المنصورة,32,891168,73412.65
2022,Q3,الإدارة المالية,الغربية - طنطا,66,3392928,298886.22
2022,Q3,الإدارة المالية,فرع التجمع,58,1994214,193923.94
2022,Q3,الإدارة المالية,القاهرة - القرية الذكية,67,1875531,168699.23
2022,Q3,الإدارة المالية,المعادي,18,547776,49872.61
2022,Q3,الإدارة المالية,القاهرة - مصر الجديدة,22,892386,96424.16
2022,Q3,الإدارة المالية,بورسعيد - الشرق,57,2777040,289463.66
2022,Q3,الإدارة المالية,دمياط - دمياط الجديدة,52,2230800,232907.82
2022,Q3,التسويق والمبيعات,أسيوط - أسيوط الجديدة,22,769362,59361.27
2022,Q3,التسويق والمبيعات,الاسكندرية سموحة,36,1501632,178740.1
2022,Q3,التسويق والمبيعات,الإسكندرية - لوران,59,2578536,148941.37
2022,Q3,التسويق والمبيعات,الجيزة - 6 أكتوبر,61,1852326,118306.26
2022,Q3,التسويق والمبيعات,الجيزة - الدقي,40,2015160,154607.6
2022,Q3,التسويق والمبيعات,الجيزة - الشيخ زايد,64,2964480,317268.05
2022,Q3,التسويق والمبيعات,الدقهلية - المنصورة,57,1913319,110028.4
2022,Q3,التسويق والمبيعات,الغربية - طنطا,21,912177,62166.9
2022,Q3,التسويق والمبيعات,القاهرة - التجمع الخامس,47,2230479,214387.04
2022,Q3,التسويق والمبيعات,القاهرة - القرية الذكية,49,1621704,93118.57
2022,Q3,التسويق والمبيعات,فرع المعادي,32,1260672,84104.56
2022,Q3,التسويق والمبيعات,القاهرة - مصر الجديدة,79,3337671,238565.27
2022,Q3,التسويق والمبيعات,بورسعيد - الشرق,32,1319424,139029.47
2022,Q3,التسويق والمبيعات,دمياط - دمياط الجديدة,57,2059524,162555.71
2022,Q3,العمليات وسلاسل الإمداد,أسيوط - أسيوط الجديدة,31,1509948,104413.84
2022,Q3,العمليات وسلاسل الإمداد,سموحة,44,1981320,116670.98
2022,Q3,العمليات وسلاسل الإمداد,الإسكندرية - لوران,55,1687785,171595.61
2022,Q3,العمليات وسلاسل الإمداد,الجيزة - 6 أكتوبر,61,2231319,199065.85
2022,Q3,العمليات وسلاسل الإمداد,الجيزة - الدقي,33,1359567,106131.97
2022,Q3,العمليات وسلاسل الإمداد,الجيزة - الشيخ زايد,32,1592928,148692.46
2022,Q3,العمليات وسلاسل الإمداد,الدقهلية - المنصورة,43,1876563,119175.65
2022,Q3,العمليات وسلاسل الإمداد,الغربية - طنطا,52,2715804,275233.62
2022,Q3,العمليات وسلاسل الإمداد,فرع التجمع,55,1875885,100298.54
2022,Q3,العمليات وسلاسل الإمداد,القاهرة - القرية الذكية,75,2658825,296044.89
2022,Q3,العمليات وسلاسل الإمداد,فرع المعادي,40,1851000,193647.22
2022,Q3,العمليات وسلاسل الإمداد,القاهرة - مصر الجديدة,70,2600220,194483.12
2022,Q3,العمليات وسلاسل الإمداد,الشرق,78,2826720,224910.36
2022,Q3,العمليات وسلاسل الإمداد,دمياط - دمياط الجديدة,52,2665572,275943.98
2022,Q3,الموارد البشرية,أسيوط - أسيوط الجديدة,33,1312641,155304.19
2022,Q3,الموارد البشرية,الاسكندرية سموحة,45,1661445,110157.38
2022,Q3,الموارد البشرية,الإسكندرية - لوران,24,862200,49095.07
2022,Q3,الموارد البشرية,الجيزة - 6 أكتوبر,40,2005440,110727.64
2022,Q3,الموارد البشرية,الجيزة - الدقي,29,1219131,116174.58
2022,Q3,الموارد البشرية,الجيزة - الشيخ زايد,39,1767519,105352.08
2022,Q3,الموارد البشرية,الدقهلية - المنصورة,71,3789483,199857.87
2022,Q3,الموارد البشرية,الغربية - طنطا,60,3038220,304707.18
2022,Q3,الموارد البشرية,فرع التجمع,41,1201956,132270.48
2022,Q3,الموارد البشرية,القاهرة - القرية الذكية,51,1454418,110651.22
2022,Q3,الموارد البشرية,القاهرة - المعادي,73,2906349,149063.95
2022,Q3,الموارد البشرية,القاهرة - مصر الجديدة,51,1999404,126823.19
2022,Q3,الموارد البشرية,الشرق,54,1991628,140501.64
2022,Q3,الموارد البشرية,دمياط - دمياط الجديدة,77,2268420,160071.12
2022,Q3,تكنولوجيا المعلومات,أسيوط - أسيوط الجديدة,22,633138,53134.75
2022,Q3,تكنولوجيا المعلومات,الإسكندرية - سموحة,40,1786800,206374.22
2022,Q3,تكنولوجيا المعلومات,لوران,60,3050280,209775.0
2022,Q3,تكنولوجيا المعلومات,الجيزة - 6 أكتوبر,33,1342539,131276.82
2022,Q3,تكنولوجيا المعلومات,الدقي,59,2167542,110315.37
2022,Q3,تكنولوجيا المعلومات,الجيزة - الشيخ زايد,71,2965599,152200.97
2022,Q3,تكنولوجيا المعلومات,الدقهلية - المنصورة,36,1531656,157445.83
2022,Q3,تكنولوجيا المعلومات,الغربية - طنطا,59,3089181,310599.9
2022,Q3,تكنولوجيا المعلومات,فرع التجمع,78,3160404,275966.29
2022,Q3,تكنولوجيا المعلومات,القاهرة - القرية الذكية,59,2397465,249868.25
2022,Q3,تكنولوجيا المعلومات,القاهرة - المعادي,76,2578680,213458.43
2022,Q3,تكنولوجيا المعلومات,القاهرة - مصر الجديدة,60,1980360,146773.88
2022,Q3,تكنولوجيا المعلومات,بورسعيد - الشرق,73,2540838,245123.14
2022,Q3,تكنولوجيا المعلومات,دمياط - دمياط الجديدة,46,2085456,183055.44
2022,Q3,خدمة العملاء والعمليات المساندة,أسيوط - أسيوط الجديدة,66,2985642,321792.03
2022,Q3,خدمة العملاء والعمليات المساندة,سموحة,52,1913808,111904.96
2022,Q3,خدمة العملاء والعمليات المساندة,الإسكندرية - لوران,41,1586208,134717.71
2022,Q3,خدمة العملاء والعمليات المساندة,الجيزة - 6 أكتوبر,70,3140340,171265.12
2022,Q3,خدمة العملاء والعمليات المساندة,فرع الدقي,26,952692,95131.68
2022,Q3,خدمة العملاء والعمليات المساندة,الجيزة - الشيخ زايد,35,1134210,128602.77
2022,Q3,خدمة العملاء والعمليات المساندة,المنصورة,38,1999674,159796.76
2022,Q3,خدمة العملاء والعمليات المساندة,الغربية - طنطا,24,1034712,102408.11
2022,Q3,خدمة العملاء والعمليات المساندة,القاهرة - التجمع الخامس,32,896448,97309.53
2022,Q3,خدمة العملاء والعمليات المساندة,القاهرة - القرية الذكية,37,1932732,146768.55
2022,Q3,خدمة العملاء والعمليات المساندة,القاهرة - المعادي,41,2018676,222819.88
2022,Q3,خدمة العملاء والعمليات المساندة,القاهرة - مصر الجديدة,75,2175075,109040.13
2022,Q3,خدمة العملاء والعمليات المساندة,الشرق,78,2500758,274611.66
2022,Q3,خدمة العملاء والعمليات المساندة,دمياط - دمياط الجديدة,61,1737585,189227.06
2022,Q4,الإدارة المالية,أسيوط - أسيوط الجديدة,48,2572560,253830.56
2022,Q4,الإدارة المالية,الاسكندرية سموحة,18,504900,49369.99
2022,Q4,الإدارة المالية,الإسكندرية - لوران,40,1331160,115999.71
2022,Q4,الإدارة المالية,الجيزة - 6 أكتوبر,36,1743012,141008.84
2022,Q4,الإدارة المالية,الدقي,39,1545336,103145.3
2022,Q4,الإدارة المالية,الجيزة - الشيخ زايد,62,1713990,201883.04
2022,Q4,الإدارة المالية,الدقهلية - المنصورة,40,2005920,192837.82
2022,Q4,الإدارة المالية,الغربية - طنطا,54,2151036,146881.25
2022,Q4,الإدارة المالية,التجمع,39,1747512,109443.98
2022,Q4,الإدارة المالية,القاهرة - القرية الذكية,24,1109736,127808.15
2022,Q4,الإدارة المالية,المعادي,75,2609325,241510.51
2022,Q4,الإدارة المالية,القاهرة - مصر الجديدة,46,1975194,184306.62
2022,Q4,الإدارة المالية,بورسعيد - الشرق,27,1221885,118612.14
2022,Q4,الإدارة المالية,دمياط - دمياط الجديدة,76,2911560,225632.18
2022,Q4,التسويق والمبيعات,أسيوط - أسيوط الجديدة,54,2538378,154395.69
2022,Q4,التسويق والمبيعات,الإسكندرية - سموحة,26,858546,100195.03
2022,Q4,التسويق والمبيعات,لوران,61,2696688,246900.96
2022,Q4,التسويق والمبيعات,الجيزة - 6 أكتوبر,49,1646988,125667.11
2022,Q4,التسويق والمبيعات,الدقي,80,4154640,324773.22
2022,Q4,التسويق والمبيعات,الجيزة - الشيخ زايد,23,808542,89196.15
2022,Q4,التسويق والمبيعات,المنصورة,38,1303932,72389.78
2022,Q4,التسويق والمبيعات,الغربية - طنطا,78,3050892,243411.37
2022,Q4,التسويق والمبيعات,القاهرة - التجمع الخامس,30,1304730,135542.81
2022,Q4,التسويق والمبيعات,القاهرة - القرية الذكية,16,510480,40124.85
2022,Q4,التسويق والمبيعات,فرع المعادي,28,1459332,126553.34
2022,Q4,التسويق والمبيعات,القاهرة - مصر الجديدة,66,2314422,233399.08
2022,Q4,التسويق والمبيعات,بورسعيد - الشرق,78,3821454,386974.32
2022,Q4,التسويق والمبيعات,دمياط - دمياط الجديدة,73,3790671,249576.23
2022,Q4,العمليات وسلاسل الإمداد,أسيوط - أسيوط الجديدة,62,1758258,196929.73
2022,Q4,العمليات وسلاسل الإمداد,الاسكندرية سموحة,61,1723860,204343.53
2022,Q4,العمليات وسلاسل الإمداد,الإسكندرية - لوران,67,2036130,224215.38
2022,Q4,العمليات وسلاسل الإمداد,الجيزة - 6 أكتوبر,35,1566390,97514.75
2022,Q4,العمليات وسلاسل الإمداد,الجيزة - الدقي,29,1278639,95304.92
2022,Q4,العمليات وسلاسل الإمداد,الجيزة - الشيخ زايد,37,1017981,111042.55
2022,Q4,العمليات وسلاسل الإمداد,الدقهلية - المنصورة,78,4112082,409526.24
2022,Q4,العمليات وسلاسل الإمداد,الغربية - طنطا,62,2638038,149970.33
2022,Q4,العمليات وسلاسل الإمداد,التجمع,20,987900,72971.42
2022,Q4,العمليات وسلاسل الإمداد,القاهرة - القرية الذكية,49,1917174,126334.5
2022,Q4,العمليات وسلاسل الإمداد,القاهرة - المعادي,50,1921350,205806.15
2022,Q4,العمليات وسلاسل الإمداد,القاهرة - مصر الجديدة,15,571770,48721.76
2022,Q4,العمليات وسلاسل الإمداد,بورسعيد - الشرق,26,751686,71130.15
2022,Q4,العمليات وسلاسل الإمداد,دمياط - دمياط الجديدة,48,2048544,156893.37
2022,Q4,الموارد البشرية,أسيوط - أسيوط الجديدة,35,1272810,72126.96
2022,Q4,الموارد البشرية,الإسكندرية - سموحة,51,2561832,231728.94
2022,Q4,الموارد البشرية,لوران,35,1261785,145514.51
2022,Q4,الموارد البشرية,الجيزة - 6 أكتوبر,74,2978796,310702.93
2022,Q4,الموارد البشرية,الدقي,38,1470714,155052.01
2022,Q4,الموارد البشرية,الجيزة - الشيخ زايد,67,2277330,133052.29
2022,Q4,الموارد البشرية,الدقهلية - المنصورة,61,2219058,247120.63
2022,Q4,الموارد البشرية,الغربية - طنطا,23,699246,81727.91
2022,Q4,الموارد البشرية,التجمع,56,2781576,187771.94
2022,Q4,الموارد البشرية,القاهرة - القرية الذكية,66,2455002,198105.75
2022,Q4,الموارد البشرية,القاهرة - المعادي,75,2214000,227520.62
2022,Q4,الموارد البشرية,القاهرة - مصر الجديدة,52,2523924,129104.74
2022,Q4,الموارد البشرية,الشرق,75,3964500,301720.35
2022,Q4,الموارد البشرية,دمياط - دمياط الجديدة,17,906525,47756.53
2022,Q4,تكنولوجيا المعلومات,أسيوط - أسيوط الجديدة,39,1101789,76151.84
2022,Q4,تكنولوجيا المعلومات,الاسكندرية سموحة,15,694980,56656.15
2022,Q4,تكنولوجيا المعلومات,الإسكندرية - لوران,33,1663299,152788.42
2022,Q4,تكنولوجيا المعلومات,الجيزة - 6 أكتوبر,17,827679,63787.1
2022,Q4,تكنولوجيا المعلومات,الجيزة - الدقي,77,2278353,173197.74
2022,Q4,تكنولوجيا المعلومات,الجيزة - الشيخ زايد,67,2197734,187953.54
2022,Q4,تكنولوجيا المعلومات,المنصورة,15,491580,33704.84
2022,Q4,تكنولوجيا المعلومات,الغربية - طنطا,72,3394008,170236.77
2022,Q4,تكنولوجيا المعلومات,فرع التجمع,19,1007589,56165.63
2022,Q4,تكنولوجيا المعلومات,القاهرة - القرية الذكية,20,730500,61913.1
2022,Q4,تكنولوجيا المعلومات,القاهرة - المعادي,42,1820952,98910.47
2022,Q4,تكنولوجيا المعلومات,القاهرة - مصر الجديدة,18,847368,62143.01
2022,Q4,تكنولوجيا المعلومات,الشرق,50,1570200,91582.39
2022,Q4,تكنولوجيا المعلومات,دمياط - دمياط الجديدة,79,3562110,380062.08
2022,Q4,خدمة العملاء والعمليات المساندة,أسيوط - أسيوط الجديدة,65,2478450,147564.91
2022,Q4,خدمة العملاء والعمليات المساندة,الاسكندرية سموحة,39,1725516,161734.96
2022,Q4,خدمة العملاء والعمليات المساندة,لوران,38,1737930,204162.11
2022,Q4,خدمة العملاء والعمليات المساندة,الجيزة - 6 أكتوبر,65,2256735,168015.87
2022,Q4,خدمة العملاء والعمليات المساندة,فرع الدقي,56,2138808,244340.36
2022,Q4,خدمة العملاء والعمليات المساندة,الجيزة - الشيخ زايد,52,2414568,280103.49
2022,Q4,خدمة العملاء والعمليات المساندة,المنصورة,38,1623588,81499.11
2022,Q4,خدمة العملاء والعمليات المساندة,الغربية - طنطا,73,2048526,113547.56
2022,Q4,خدمة العملاء والعمليات المساندة,القاهرة - التجمع الخامس,78,2571192,276280.99
2022,Q4,خدمة العملاء والعمليات المساندة,القاهرة - القرية الذكية,69,2218212,129380.24
2022,Q4,خدمة العملاء والعمليات المساندة,القاهرة - المعادي,80,3535920,418003.14
2022,Q4,خدمة العملاء والعمليات المساندة,القاهرة - مصر الجديدة,67,1830507,212635.88
2022,Q4,خدمة العملاء والعمليات المساندة,بورسعيد - الشرق,25,1041000,115666.62
2022,Q4,خدمة العملاء والعمليات المساندة,دمياط - دمياط الجديدة,70,3431190,293797.45
2023,Q1,الإدارة المالية,أسيوط - أسيوط الجديدة,54,2359368,187078.4
2023,Q1,الإدارة المالية,سموحة,78,2590848,157371.58
2023,Q1,الإدارة المالية,الإسكندرية - لوران,28,761628,61023.04
2023,Q1,الإدارة المالية,الجيزة - 6 أكتوبر,29,972660,66057.28
2023,Q1,الإدارة المالية,الجيزة - الدقي,24,713952,41468.4
2023,Q1,الإدارة المالية,الجيزة - الشيخ زايد,18,891864,102662.43
2023,Q1,الإدارة المالية,المنصورة,58,1642386,129279.93
2023,Q1,الإدارة المالية,الغربية - طنطا,61,2348622,195580.12
2023,Q1,الإدارة المالية,التجمع,18,523260,42316.88
2023,Q1,الإدارة المالية,القاهرة - القرية الذكية,59,1721856,110743.73
2023,Q1,الإدارة المالية,فرع المعادي,59,1661322,97080.04
2023,Q1,الإدارة المالية,القاهرة - مصر الجديدة,24,940536,51957.78
2023,Q1,الإدارة المالية,بورسعيد - الشرق,37,1265178,88795.75
2023,Q1,الإدارة المالية,دمياط - دمياط الجديدة,79,3446454,178142.89
2023,Q1,التسويق والمبيعات,أسيوط - أسيوط الجديدة,55,1730850,107004.35
2023,Q1,التسويق والمبيعات,سموحة,70,3431400,208153.18
2023,Q1,التسويق والمبيعات,الإسكندرية - لوران,66,3369168,326708.74
2023,Q1,التسويق والمبيعات,الجيزة - 6 أكتوبر,58,2896230,202564.63
2023,Q1,التسويق والمبيعات,الدقي,44,1291620,147224.3
2023,Q1,التسويق والمبيعات,الجيزة - الشيخ زايد,22,1050720,63266.9
2023,Q1,التسويق والمبيعات,الدقهلية - المنصورة,26,917514,80630.25
2023,Q1,التسويق والمبيعات,الغربية - طنطا,19,608304,49771.32
2023,Q1,التسويق والمبيعات,القاهرة - التجمع الخامس,79,2463141,272500.47
2023,Q1,التسويق والمبيعات,القاهرة - القرية الذكية,59,2538888,269326.2
2023,Q1,التسويق والمبيعات,فرع المعادي,69,3380517,383487.36
2023,Q1,التسويق والمبيعات,القاهرة - مصر الجديدة,69,2099394,227607.05
2023,Q1,التسويق والمبيعات,بورسعيد - الشرق,19,787398,90758.55
2023,Q1,التسويق والمبيعات,دمياط - دمياط الجديدة,38,1240548,95308.72
2023,Q1,العمليات وسلاسل الإمداد,أسيوط - أسيوط الجديدة,61,2655147,140055.8
2023,Q1,العمليات وسلاسل الإمداد,سموحة,62,2265852,261236.37
2023,Q1,العمليات وسلاسل الإمداد,الإسكندرية - لوران,61,3226656,175774.27
2023,Q1,العمليات وسلاسل الإمداد,الجيزة - 6 أكتوبر,18,828360,82453.75
2023,Q1,العمليات وسلاسل الإمداد,الجيزة - الدقي,48,2012400,157985.62
2023,Q1,العمليات وسلاسل الإمداد,الجيزة - الشيخ زايد,53,2335233,219496.24
2023,Q1,العمليات وسلاسل الإمداد,الدقهلية - المنصورة,63,3270267,278812.76
2023,Q1,العمليات وسلاسل الإمداد,الغربية - طنطا,22,907566,48989.5
2023,Q1,العمليات وسلاسل الإمداد,فرع التجمع,17,494853,57878.02
2023,Q1,العمليات وسلاسل الإمداد,القاهرة - القرية الذكية,48,2364048,273931.39
2023,Q1,العمليات وسلاسل الإمداد,فرع المعادي,49,1453830,112224.5
2023,Q1,العمليات وسلاسل الإمداد,القاهرة - مصر الجديدة,79,3258987,192941.3
2023,Q1,العمليات وسلاسل الإمداد,الشرق,43,1690803,193183.11
2023,Q1,العمليات وسلاسل الإمداد,دمياط - دمياط الجديدة,34,1461048,131051.91
2023,Q1,الموارد البشرية,أسيوط - أسيوط الجديدة,75,3685500,392513.82
2023,Q1,الموارد البشرية,الإسكندرية - سموحة,36,1646676,123505.28
2023,Q1,الموارد البشرية,لوران,29,945603,92260.14
2023,Q1,الموارد البشرية,الجيزة - 6 أكتوبر,48,1931904,216903.14
2023,Q1,الموارد البشرية,الدقي,80,2400000,131686.55
2023,Q1,الموارد البشرية,الجيزة - الشيخ زايد,65,2572245,162403.3
2023,Q1,الموارد البشرية,الدقهلية - المنصورة,30,1590210,188055.33
2023,Q1,الموارد البشرية,الغربية - طنطا,22,1138632,84003.99
2023,Q1,الموارد البشرية,التجمع,57,2498310,262833.12
2023,Q1,الموارد البشرية,القاهرة - القرية الذكية,23,888858,51026.69
2023,Q1,الموارد البشرية,فرع المعادي,27,1178550,104305.08
2023,Q1,الموارد البشرية,القاهرة - مصر الجديدة,26,1285440,108780.68
2023,Q1,الموارد البشرية,الشرق,58,2481066,126590.9
2023,Q1,الموارد البشرية,دمياط - دمياط الجديدة,47,2446914,245522.9
2023,Q1,تكنولوجيا المعلومات,أسيوط - أسيوط الجديدة,16,614112,58579.01
2023,Q1,تكنولوجيا المعلومات,سموحة,23,1180590,96461.93
2023,Q1,تكنولوجيا المعلومات,الإسكندرية - لوران,16,594864,44791.39
2023,Q1,تكنولوجيا المعلومات,الجيزة - 6 أكتوبر,50,1622250,157393.29
2023,Q1,تكنولوجيا المعلومات,فرع الدقي,15,765990,81870.32
2023,Q1,تكنولوجيا المعلومات,الجيزة - الشيخ زايد,78,3285126,175753.19
2023,Q1,تكنولوجيا المعلومات,المنصورة,70,3756690,362968.64
2023,Q1,تكنولوجيا المعلومات,الغربية - طنطا,74,3206568,238365.99
2023,Q1,تكنولوجيا المعلومات,القاهرة - التجمع الخامس,54,1499634,110666.82
2023,Q1,تكنولوجيا المعلومات,القاهرة - القرية الذكية,60,2475540,132915.04
2023,Q1,تكنولوجيا المعلومات,المعادي,78,2232126,162424.75
2023,Q1,تكنولوجيا المعلومات,القاهرة - مصر الجديدة,78,3870126,419325.62
2023,Q1,تكنولوجيا المعلومات,الشرق,59,2556588,294337.41
2023,Q1,تكنولوجيا المعلومات,دمياط - دمياط الجديدة,80,2479440,142070.25
2023,Q1,خدمة العملاء والعمليات المساندة,أسيوط - أسيوط الجديدة,56,2974104,324474.69
2023,Q1,خدمة العملاء والعمليات المساندة,سموحة,19,575187,64864.5
2023,Q1,خدمة العملاء والعمليات المساندة,الإسكندرية - لوران,71,3724092,217705.5
2023,Q1,خدمة العملاء والعمليات المساندة,الجيزة - 6 أكتوبر,37,1468974,106103.35
2023,Q1,خدمة العملاء والعمليات المساندة,الدقي,34,1602114,81805.77
2023,Q1,خدمة العملاء والعمليات المساندة,الجيزة - الشيخ زايد,70,3711120,394476.73
2023,Q1,خدمة العملاء والعمليات المساندة,المنصورة,55,2887830,274143.69
2023,Q1,خدمة العملاء والعمليات المساندة,الغربية - طنطا,42,1216278,138434.47
2023,Q1,خدمة العملاء والعمليات المساندة,فرع التجمع,49,2054031,166922.17
2023,Q1,خدمة العملاء والعمليات المساندة,القاهرة - القرية الذكية,42,1960560,123426.49
2023,Q1,خدمة العملاء والعمليات المساندة,فرع المعادي,22,1026300,80575.2
2023,Q1,خدمة العملاء والعمليات المساندة,القاهرة - مصر الجديدة,17,900303,81971.98
2023,Q1,خدمة العملاء والعمليات المساندة,الشرق,77,3165855,343719.92
2023,Q1,خدمة العملاء والعمليات المساندة,دمياط - دمياط الجديدة,67,3385644,389016.58
2023,Q2,الإدارة المالية,أسيوط - أسيوط الجديدة,54,2614356,164577.68
2023,Q2,الإدارة المالية,الإسكندرية - سموحة,71,2151939,242173.1
2023,Q2,الإدارة المالية,الإسكندرية - لوران,65,2958150,149586.01
2023,Q2,الإدارة المالية,الجيزة - 6 أكتوبر,77,2815197,329263.78
2023,Q2,الإدارة المالية,الدقي,39,1649466,168160.03
2023,Q2,الإدارة المالية,الجيزة - الشيخ زايد,51,2463147,162012.7
2023,Q2,الإدارة المالية,الدقهلية - المنصورة,73,3473340,242041.16
2023,Q2,الإدارة المالية,الغربية - طنطا,66,1791702,138829.03
2023,Q2,الإدارة المالية,التجمع,41,1515606,128114.68
2023,Q2,الإدارة المالية,القاهرة - القرية الذكية,48,1526832,83624.82
2023,Q2,الإدارة المالية,القاهرة - المعادي,26,1338948,126602.77
2023,Q2,الإدارة المالية,القاهرة - مصر الجديدة,50,1864350,141364.79
2023,Q2,الإدارة المالية,الشرق,65,3164070,357890.25
2023,Q2,الإدارة المالية,دمياط - دمياط الجديدة,50,1830600,91994.81
2023,Q2,التسويق والمبيعات,أسيوط - أسيوط الجديدة,32,1019424,73148.7
2023,Q2,التسويق والمبيعات,سموحة,58,2076342,108863.53
2023,Q2,التسويق والمبيعات,الإسكندرية - لوران,43,2299425,148715.85
2023,Q2,التسويق والمبيعات,الجيزة - 6 أكتوبر,53,1991952,184014.98
2023,Q2,التسويق والمبيعات,الجيزة - الدقي,28,1041264,71374.11
2023,Q2,التسويق والمبيعات,الجيزة - الشيخ زايد,66,2518758,172103.74
2023,Q2,التسويق والمبيعات,الدقهلية - المنصورة,75,3539475,314359.68
2023,Q2,التسويق والمبيعات,الغربية - طنطا,75,3416400,227310.8
2023,Q2,التسويق والمبيعات,التجمع,59,1594593,85317.9
2023,Q2,التسويق والمبيعات,القاهرة - القرية الذكية,66,3170772,163130.34
2023,Q2,التسويق والمبيعات,فرع المعادي,54,1750086,183452.26
2023,Q2,التسويق والمبيعات,القاهرة - مصر الجديدة,42,1869210,210292.79
2023,Q2,التسويق والمبيعات,الشرق,36,1251072,142712.09
2023,Q2,التسويق والمبيعات,دمياط - دمياط الجديدة,71,3404379,287371.9
2023,Q2,العمليات وسلاسل الإمداد,أسيوط - أسيوط الجديدة,50,2415000,263878.84
2023,Q2,العمليات وسلاسل الإمداد,سموحة,40,1909440,190162.8
2023,Q2,العمليات وسلاسل الإمداد,الإسكندرية - لوران,63,1733319,190470.4
2023,Q2,العمليات وسلاسل الإمداد,الجيزة - 6 أكتوبر,31,1623129,82120.59
2023,Q2,العمليات وسلاسل الإمداد,فرع الدقي,36,987984,90927.38
2023,Q2,العمليات وسلاسل الإمداد,الجيزة - الشيخ زايد,70,2039310,217826.93
2023,Q2,العمليات وسلاسل الإمداد,الدقهلية - المنصورة,80,2257440,229184.76
2023,Q2,العمليات وسلاسل الإمداد,الغربية - طنطا,52,1716936,154901.98
2023,Q2,العمليات وسلاسل الإمداد,القاهرة - التجمع الخامس,47,1355433,144933.47
2023,Q2,العمليات وسلاسل الإمداد,القاهرة - القرية الذكية,71,3357945,288325.74
2023,Q2,العمليات وسلاسل الإمداد,المعادي,73,3873015,224019.47
2023,Q2,العمليات وسلاسل الإمداد,القاهرة - مصر الجديدة,75,3366675,240675.29
2023,Q2,العمليات وسلاسل الإمداد,بورسعيد - الشرق,31,1380957,127599.02
2023,Q2,العمليات وسلاسل الإمداد,دمياط - دمياط الجديدة,44,2005872,127548.36
2023,Q2,الموارد البشرية,أسيوط - أسيوط الجديدة,60,3234420,309172.52
2023,Q2,الموارد البشرية,الاسكندرية سموحة,41,2098749,231796.34
2023,Q2,الموارد البشرية,لوران,26,788658,80051.06
2023,Q2,الموارد البشرية,الجيزة - 6 أكتوبر,79,4162905,296827.03
2023,Q2,الموارد البشرية,فرع الدقي,41,1216101,87002.41
2023,Q2,الموارد البشرية,الجيزة - الشيخ زايد,15,739305,37144.93
2023,Q2,الموارد البشرية,الدقهلية - المنصورة,69,3140190,228355.68
2023,Q2,الموارد البشرية,الغربية - طنطا,79,3089769,314952.69
2023,Q2,الموارد البشرية,التجمع,33,1335213,150084.38
2023,Q2,الموارد البشرية,القاهرة - القرية الذكية,45,1497420,133867.72
2023,Q2,الموارد البشرية,المعادي,47,1345140,141352.72
2023,Q2,الموارد البشرية,القاهرة - مصر الجديدة,79,3234576,170078.64
2023,Q2,الموارد البشرية,بورسعيد - الشرق,18,814860,43049.65
2023,Q2,الموارد البشرية,دمياط - دمياط الجديدة,63,2660364,294016.48
2023,Q2,تكنولوجيا المعلومات,أسيوط - أسيوط الجديدة,51,2326671,265238.46
2023,Q2,تكنولوجيا المعلومات,الاسكندرية سموحة,35,1187025,93311.8
2023,Q2,تكنولوجيا المعلومات,لوران,38,1032954,95715.92
2023,Q2,تكنولوجيا المعلومات,الجيزة - 6 أكتوبر,15,639450,65174.64
2023,Q2,تكنولوجيا المعلومات,فرع الدقي,70,3441690,200508.04
2023,Q2,تكنولوجيا المعلومات,الجيزة - الشيخ زايد,30,1189440,92435.29
2023,Q2,تكنولوجيا المعلومات,المنصورة,67,2589081,193663.56
2023,Q2,تكنولوجيا المعلومات,الغربية - طنطا,34,1201560,136819.1
2023,Q2,تكنولوجيا المعلومات,فرع التجمع,63,2595915,213576.02
2023,Q2,تكنولوجيا المعلومات,القاهرة - القرية الذكية,42,2188368,186966.62
2023,Q2,تكنولوجيا المعلومات,القاهرة - المعادي,72,2615976,293048.97
2023,Q2,تكنولوجيا المعلومات,القاهرة - مصر الجديدة,55,1850310,180991.49
2023,Q2,تكنولوجيا المعلومات,الشرق,76,3995244,280202.63
2023,Q2,تكنولوجيا المعلومات,دمياط - دمياط الجديدة,26,1045200,60667.63
2023,Q2,خدمة العملاء والعمليات المساندة,أسيوط - أسيوط الجديدة,24,839736,93132.8
2023,Q2,خدمة العملاء والعمليات المساندة,سموحة,78,3879954,255106.86
2023,Q2,خدمة العملاء والعمليات المساندة,لوران,70,3607380,227620.76
2023,Q2,خدمة العملاء والعمليات المساندة,الجيزة - 6 أكتوبر,36,1065204,87340.83
2023,Q2,خدمة العملاء والعمليات المساندة,فرع الدقي,49,1461180,153333.75
2023,Q2,خدمة العملاء والعمليات المساندة,الجيزة - الشيخ زايد,62,2583354,143808.99
2023,Q2,خدمة العملاء والعمليات المساندة,الدقهلية - المنصورة,27,1206738,117933.27
2023,Q2,خدمة العملاء والعمليات المساندة,الغربية - طنطا,57,1877238,124337.55
2023,Q2,خدمة العملاء والعمليات المساندة,التجمع,37,1166055,73180.93
2023,Q2,خدمة العملاء والعمليات المساندة,القاهرة - القرية الذكية,46,1872522,121438.0
2023,Q2,خدمة العملاء والعمليات المساندة,فرع المعادي,38,1059516,105378.34
2023,Q2,خدمة العملاء والعمليات المساندة,القاهرة - مصر الجديدة,59,2093379,219572.74
2023,Q2,خدمة العملاء والعمليات المساندة,الشرق,52,1766388,209926.78
2023,Q2,خدمة العملاء والعمليات المساندة,دمياط - دمياط الجديدة,34,1029690,119511.72
2023,Q3,الإدارة المالية,أسيوط - أسيوط الجديدة,17,794580,74097.2
2023,Q3,الإدارة المالية,الاسكندرية سموحة,62,1713990,190392.96
2023,Q3,الإدارة المالية,لوران,77,3894198,222130.27
2023,Q3,الإدارة المالية,الجيزة - 6 أكتوبر,56,2820720,165447.49
2023,Q3,الإدارة المالية,فرع الدقي,20,562980,55939.98
2023,Q3,الإدارة المالية,الجيزة - الشيخ زايد,63,3362499,280485.26
2023,Q3,الإدارة المالية,المنصورة,25,976575,110793.8
2023,Q3,الإدارة المالية,الغربية - طنطا,59,1990365,154607.25
2023,Q3,الإدارة المالية,فرع التجمع,76,3991596,229386.8
2023,Q3,الإدارة المالية,القاهرة - القرية الذكية,40,1680480,132435.01
2023,Q3,الإدارة المالية,فرع المعادي,78,3469986,387079.89
2023,Q3,الإدارة المالية,القاهرة - مصر الجديدة,76,2416800,248893.82
2023,Q3,الإدارة المالية,بورسعيد - الشرق,49,2037126,195412.4
2023,Q3,الإدارة المالية,دمياط - دمياط الجديدة,45,1470015,130274.88
2023,Q3,التسويق والمبيعات,أسيوط - أسيوط الجديدة,39,2104596,201142.91
2023,Q3,التسويق والمبيعات,الإسكندرية - سموحة,76,3088032,241180.83
2023,Q3,التسويق والمبيعات,الإسكندرية - لوران,61,2882067,252637.37
2023,Q3,التسويق والمبيعات,الجيزة - 6 أكتوبر,80,4036560,353883.33
2023,Q3,التسويق والمبيعات,الدقي,74,3754908,401508.0
2023,Q3,التسويق والمبيعات,الجيزة - الشيخ زايد,15,440505,27772.14
2023,Q3,التسويق والمبيعات,الدقهلية - المنصورة,28,1449252,85711.08
2023,Q3,التسويق والمبيعات,الغربية - طنطا,26,899262,87860.11
2023,Q3,التسويق والمبيعات,فرع التجمع,71,2636727,237252.86
2023,Q3,التسويق والمبيعات,القاهرة - القرية الذكية,19,959367,80871.15
2023,Q3,التسويق والمبيعات,المعادي,27,1145178,87856.32
2023,Q3,التسويق والمبيعات,القاهرة - مصر الجديدة,26,881712,88308.21
2023,Q3,التسويق والمبيعات,بورسعيد - الشرق,77,2240469,255990.52
2023,Q3,التسويق والمبيعات,دمياط - دمياط الجديدة,25,870375,50142.68
2023,Q3,العمليات وسلاسل الإمداد,أسيوط - أسيوط الجديدة,72,3784536,227329.36
2023,Q3,العمليات وسلاسل الإمداد,الإسكندرية - سموحة,63,2194479,121810.26
2023,Q3,العمليات وسلاسل الإمداد,الإسكندرية - لوران,31,1185564,115817.25
2023,Q3,العمليات وسلاسل الإمداد,الجيزة - 6 أكتوبر,58,2294886,156994.26
2023,Q3,العمليات وسلاسل الإمداد,الجيزة - الدقي,68,2534904,214740.62
2023,Q3,العمليات وسلاسل الإمداد,الجيزة - الشيخ زايد,38,1529652,132256.81
2023,Q3,العمليات وسلاسل الإمداد,المنصورة,54,1680426,157236.23
2023,Q3,العمليات وسلاسل الإمداد,الغربية - طنطا,47,1292688,124186.19
2023,Q3,العمليات وسلاسل الإمداد,التجمع,43,2121921,142314.41
2023,Q3,العمليات وسلاسل الإمداد,القاهرة - القرية الذكية,67,3210573,329890.39
2023,Q3,العمليات وسلاسل الإمداد,فرع المعادي,64,3443328,206806.87
2023,Q3,العمليات وسلاسل الإمداد,القاهرة - مصر الجديدة,68,2475744,256909.11
2023,Q3,العمليات وسلاسل الإمداد,بورسعيد - الشرق,58,1810470,142602.79
2023,Q3,العمليات وسلاسل الإمداد,دمياط - دمياط الجديدة,49,2402568,163188.59
2023,Q3,الموارد البشرية,أسيوط - أسيوط الجديدة,16,578208,42548.0
2023,Q3,الموارد البشرية,الإسكندرية - سموحة,68,3077136,367230.33
2023,Q3,الموارد البشرية,الإسكندرية - لوران,24,832464,56150.95
2023,Q3,الموارد البشرية,الجيزة - 6 أكتوبر,70,3740730,405583.98
2023,Q3,الموارد البشرية,الدقي,19,713127,52040.07
2023,Q3,الموارد البشرية,الجيزة - الشيخ زايد,60,1636920,164844.72
2023,Q3,الموارد البشرية,المنصورة,68,3109164,248665.67
2023,Q3,الموارد البشرية,الغربية - طنطا,42,2067912,215267.73
2023,Q3,الموارد البشرية,القاهرة - التجمع الخامس,29,1133871,114649.91
2023,Q3,الموارد البشرية,القاهرة - القرية الذكية,54,2725326,196068.79
2023,Q3,الموارد البشرية,فرع المعادي,68,3020220,261294.98
2023,Q3,الموارد البشرية,القاهرة - مصر الجديدة,35,1670760,167266.06
2023,Q3,الموارد البشرية,بورسعيد - الشرق,70,2208570,211138.85
2023,Q3,الموارد البشرية,دمياط - دمياط الجديدة,54,2316600,199684.54
2023,Q3,تكنولوجيا المعلومات,أسيوط - أسيوط الجديدة,29,1410009,137078.78
2023,Q3,تكنولوجيا المعلومات,الاسكندرية سموحة,75,3040200,281609.48
2023,Q3,تكنولوجيا المعلومات,لوران,62,2599350,178161.14
2023,Q3,تكنولوجيا المعلومات,الجيزة - 6 أكتوبر,80,2957280,193781.85
2023,Q3,تكنولوجيا المعلومات,الجيزة - الدقي,60,1707120,153107.82
2023,Q3,تكنولوجيا المعلومات,الجيزة - الشيخ زايد,75,3458700,188861.46
2023,Q3,تكنولوجيا المعلومات,المنصورة,78,2763306,323351.86
2023,Q3,تكنولوجيا المعلومات,الغربية - طنطا,79,3679899,222682.78
2023,Q3,تكنولوجيا المعلومات,التجمع,64,2906880,293853.93
2023,Q3,تكنولوجيا المعلومات,القاهرة - القرية الذكية,60,2812860,294448.44
2023,Q3,تكنولوجيا المعلومات,المعادي,76,2792316,269508.39
2023,Q3,تكنولوجيا المعلومات,القاهرة - مصر الجديدة,32,1533984,117688.7
2023,Q3,تكنولوجيا المعلومات,بورسعيد - الشرق,44,1199088,83822.71
2023,Q3,تكنولوجيا المعلومات,دمياط - دمياط الجديدة,71,3730908,287142.31
2023,Q3,خدمة العملاء والعمليات المساندة,أسيوط - أسيوط الجديدة,54,2176794,122601.31
2023,Q3,خدمة العملاء والعمليات المساندة,الإسكندرية - سموحة,52,1695720,171944.37
2023,Q3,خدمة العملاء والعمليات المساندة,الإسكندرية - لوران,50,1494600,168410.16
2023,Q3,خدمة العملاء والعمليات المساندة,الجيزة - 6 أكتوبر,73,2150799,219680.17
2023,Q3,خدمة العملاء والعمليات المساندة,الجيزة - الدقي,21,1038303,85958.86
2023,Q3,خدمة العملاء والعمليات المساندة,الجيزة - الشيخ زايد,37,1397046,99896.77
2023,Q3,خدمة العملاء والعمليات المساندة,المنصورة,62,3283272,257282.08
2023,Q3,خدمة العملاء والعمليات المساندة,الغربية - طنطا,54,1590192,160873.48
2023,Q3,خدمة العملاء والعمليات المساندة,التجمع,41,1816464,149950.38
2023,Q3,خدمة العملاء والعمليات المساندة,القاهرة - القرية الذكية,37,1097679,72797.31
2023,Q3,خدمة العملاء والعمليات المساندة,القاهرة - المعادي,71,2361957,126276.32
2023,Q3,خدمة العملاء والعمليات المساندة,القاهرة - مصر الجديدة,52,2097264,196239.83
2023,Q3,خدمة العملاء والعمليات المساندة,الشرق,68,3349680,378635.38
2023,Q3,خدمة العملاء والعمليات المساندة,دمياط - دمياط الجديدة,20,777840,78169.56
2023,Q4,الإدارة المالية,أسيوط - أسيوط الجديدة,44,1941984,116947.29
2023,Q4,الإدارة المالية,الاسكندرية سموحة,79,2395833,189701.35
2023,Q4,الإدارة المالية,الإسكندرية - لوران,72,2244456,263216.46
2023,Q4,الإدارة المالية,الجيزة - 6 أكتوبر,47,2169990,225764.67
2023,Q4,الإدارة المالية,الجيزة - الدقي,79,2201967,233368.9
2023,Q4,الإدارة المالية,الجيزة - الشيخ زايد,42,2065140,232939.14
2023,Q4,الإدارة المالية,الدقهلية - المنصورة,63,1925343,118138.95
2023,Q4,الإدارة المالية,الغربية - طنطا,69,2962998,271239.9
2023,Q4,الإدارة المالية,القاهرة - التجمع الخامس,46,1542702,78645.17
2023,Q4,الإدارة المالية,القاهرة - القرية الذكية,59,1805754,104673.26
2023,Q4,الإدارة المالية,المعادي,18,943650,67803.91
2023,Q4,الإدارة المالية,القاهرة - مصر الجديدة,15,440505,43517.37
2023,Q4,الإدارة المالية,بورسعيد - الشرق,60,2748600,195253.89
2023,Q4,الإدارة المالية,دمياط - دمياط الجديدة,43,1811289,158710.57
2023,Q4,التسويق والمبيعات,أسيوط - أسيوط الجديدة,30,1389870,157090.36
2023,Q4,التسويق والمبيعات,الاسكندرية سموحة,52,1863108,171047.22
2023,Q4,التسويق والمبيعات,الإسكندرية - لوران,23,1190112,93988.96
2023,Q4,التسويق والمبيعات,الجيزة - 6 أكتوبر,30,821520,84888.11
2023,Q4,التسويق والمبيعات,فرع الدقي,43,1872048,151330.51
2023,Q4,التسويق والمبيعات,الجيزة - الشيخ زايد,20,789720,56786.91
2023,Q4,التسويق والمبيعات,الدقهلية - المنصورة,64,2704704,154102.34
2023,Q4,التسويق والمبيعات,الغربية - طنطا,72,2491344,239163.15
2023,Q4,التسويق والمبيعات,التجمع,63,2574936,133966.2
2023,Q4,التسويق والمبيعات,القاهرة - القرية الذكية,49,2414181,262199.9
2023,Q4,التسويق والمبيعات,فرع المعادي,78,3501342,293190.73
2023,Q4,التسويق والمبيعات,القاهرة - مصر الجديدة,77,2286669,265014.23
2023,Q4,التسويق والمبيعات,بورسعيد - الشرق,62,2654034,308096.4
2023,Q4,التسويق والمبيعات,دمياط - دمياط الجديدة,42,1643418,129023.9
2023,Q4,العمليات وسلاسل الإمداد,أسيوط - أسيوط الجديدة,25,754275,63943.49
2023,Q4,العمليات وسلاسل الإمداد,الاسكندرية سموحة,70,1955310,109220.47
2023,Q4,العمليات وسلاسل الإمداد,لوران,32,1293216,104774.57
2023,Q4,العمليات وسلاسل الإمداد,الجيزة - 6 أكتوبر,42,2012094,167201.97
2023,Q4,العمليات وسلاسل الإمداد,فرع الدقي,76,2618124,196563.05
2023,Q4,العمليات وسلاسل الإمداد,الجيزة - الشيخ زايد,48,1698192,156126.4
2023,Q4,العمليات وسلاسل الإمداد,الدقهلية - المنصورة,68,3372528,209886.95
2023,Q4,العمليات وسلاسل الإمداد,الغربية - طنطا,18,891486,74472.5
2023,Q4,العمليات وسلاسل الإمداد,فرع التجمع,29,1427496,108996.7
2023,Q4,العمليات وسلاسل الإمداد,القاهرة - القرية الذكية,33,1189188,79666.27
2023,Q4,العمليات وسلاسل الإمداد,القاهرة - المعادي,61,1817556,101549.78
2023,Q4,العمليات وسلاسل الإمداد,القاهرة - مصر الجديدة,71,3282330,260694.21
2023,Q4,العمليات وسلاسل الإمداد,الشرق,55,2876115,281609.48
2023,Q4,العمليات وسلاسل الإمداد,دمياط - دمياط الجديدة,63,1874124,160329.4
2023,Q4,الموارد البشرية,أسيوط - أسيوط الجديدة,65,3359265,228551.13
2023,Q4,الموارد البشرية,سموحة,72,2985120,290207.69
2023,Q4,الموارد البشرية,الإسكندرية - لوران,38,1259130,110228.48
2023,Q4,الموارد البشرية,الجيزة - 6 أكتوبر,70,3713010,396072.18
2023,Q4,الموارد البشرية,الجيزة - الدقي,52,2732184,205365.78
2023,Q4,الموارد البشرية,الجيزة - الشيخ زايد,47,2328333,166822.35
2023,Q4,الموارد البشرية,الدقهلية - المنصورة,33,1669635,172619.33
2023,Q4,الموارد البشرية,الغربية - طنطا,69,3102309,175293.43
2023,Q4,الموارد البشرية,التجمع,35,1388835,100494.12
2023,Q4,الموارد البشرية,القاهرة - القرية الذكية,19,540987,44723.3
2023,Q4,الموارد البشرية,المعادي,33,1718343,91469.21
2023,Q4,الموارد البشرية,القاهرة - مصر الجديدة,71,2895948,157268.88
2023,Q4,الموارد البشرية,الشرق,68,1871088,136539.32
2023,Q4,الموارد البشرية,دمياط - دمياط الجديدة,63,2293704,209485.91
2023,Q4,تكنولوجيا المعلومات,أسيوط - أسيوط الجديدة,68,1965336,197519.86
2023,Q4,تكنولوجيا المعلومات,الإسكندرية - سموحة,47,1498830,176182.72
2023,Q4,تكنولوجيا المعلومات,الإسكندرية - لوران,17,465732,42490.94
2023,Q4,تكنولوجيا المعلومات,الجيزة - 6 أكتوبر,19,998526,112515.06
2023,Q4,تكنولوجيا المعلومات,الدقي,25,1302825,118894.72
2023,Q4,تكنولوجيا المعلومات,الجيزة - الشيخ زايد,35,1696800,95835.05
2023,Q4,تكنولوجيا المعلومات,المنصورة,50,2384100,182309.17
2023,Q4,تكنولوجيا المعلومات,الغربية - طنطا,60,2389140,149138.94
2023,Q4,تكنولوجيا المعلومات,التجمع,28,1420860,79699.98
2023,Q4,تكنولوجيا المعلومات,القاهرة - القرية الذكية,51,1543464,148881.84
2023,Q4,تكنولوجيا المعلومات,القاهرة - المعادي,15,796140,76268.91
2023,Q4,تكنولوجيا المعلومات,القاهرة - مصر الجديدة,80,3608640,181233.14
2023,Q4,تكنولوجيا المعلومات,بورسعيد - الشرق,19,584934,51299.54
2023,Q4,تكنولوجيا المعلومات,دمياط - دمياط الجديدة,62,3087228,168675.34
2023,Q4,خدمة العملاء والعمليات المساندة,أسيوط - أسيوط الجديدة,72,3806136,397443.03
2023,Q4,خدمة العملاء والعمليات المساندة,الإسكندرية - سموحة,73,2772321,264610.65
2023,Q4,خدمة العملاء والعمليات المساندة,لوران,50,1782750,204325.51
2023,Q4,خدمة العملاء والعمليات المساندة,الجيزة - 6 أكتوبر,70,3039540,314240.0
2023,Q4,خدمة العملاء والعمليات المساندة,الدقي,60,2421540,222851.47
2023,Q4,خدمة العملاء والعمليات المساندة,الجيزة - الشيخ زايد,63,2792286,291629.41
2023,Q4,خدمة العملاء والعمليات المساندة,المنصورة,55,2286240,137484.24
2023,Q4,خدمة العملاء والعمليات المساندة,الغربية - طنطا,24,1181592,83569.25
2023,Q4,خدمة العملاء والعمليات المساندة,فرع التجمع,65,1990365,150851.24
2023,Q4,خدمة العملاء والعمليات المساندة,القاهرة - القرية الذكية,34,1735326,169736.99
2023,Q4,خدمة العملاء والعمليات المساندة,فرع المعادي,62,3347628,312650.5
2023,Q4,خدمة العملاء والعمليات المساندة,القاهرة - مصر الجديدة,19,872214,102475.53
2023,Q4,خدمة العملاء والعمليات المساندة,بورسعيد - الشرق,33,1183545,92956.61
2023,Q4,خدمة العملاء والعمليات المساندة,دمياط - دمياط الجديدة,40,1120800,81503.35
2024,Q1,الإدارة المالية,أسيوط - أسيوط الجديدة,78,3207204,340285.41
2024,Q1,الإدارة المالية,سموحة,24,955152,58997.82
2024,Q1,الإدارة المالية,لوران,15,509265,38976.62
2024,Q1,الإدارة المالية,الجيزة - 6 أكتوبر,34,1132914,97342.31
2024,Q1,الإدارة المالية,الجيزة - الدقي,53,1645968,86711.31
2024,Q1,الإدارة المالية,الجيزة - الشيخ زايد,64,2172672,231327.67
2024,Q1,الإدارة المالية,المنصورة,20,558360,38056.4
2024,Q1,الإدارة المالية,الغربية - طنطا,58,2318028,218061.71
2024,Q1,الإدارة المالية,فرع التجمع,58,2832720,274182.58
2024,Q1,الإدارة المالية,القاهرة - القرية الذكية,18,692550,61593.7
2024,Q1,الإدارة المالية,فرع المعادي,76,2453964,260765.45
2024,Q1,الإدارة المالية,القاهرة - مصر الجديدة,69,3509685,237966.27
2024,Q1,الإدارة المالية,بورسعيد - الشرق,47,1997124,127199.04
2024,Q1,الإدارة المالية,دمياط - دمياط الجديدة,33,1029501,84342.28
2024,Q1,التسويق والمبيعات,أسيوط - أسيوط الجديدة,59,3024930,296139.58
2024,Q1,التسويق والمبيعات,الإسكندرية - سموحة,26,1006824,86977.3
2024,Q1,التسويق والمبيعات,لوران,79,3213483,349889.96
2024,Q1,التسويق والمبيعات,الجيزة - 6 أكتوبر,63,2753541,304577.34
2024,Q1,التسويق والمبيعات,الدقي,79,4070949,295361.49
2024,Q1,التسويق والمبيعات,الجيزة - الشيخ زايد,67,2799126,312145.89
2024,Q1,التسويق والمبيعات,الدقهلية - المنصورة,44,1359732,74301.02
2024,Q1,التسويق والمبيعات,الغربية - طنطا,31,1668141,101826.62
2024,Q1,التسويق والمبيعات,فرع التجمع,16,560256,37828.68
2024,Q1,التسويق والمبيعات,القاهرة - القرية الذكية,64,3409152,178370.34
2024,Q1,التسويق والمبيعات,المعادي,75,3974175,375344.11
2024,Q1,التسويق والمبيعات,القاهرة - مصر الجديدة,73,2437470,231584.8
2024,Q1,التسويق والمبيعات,الشرق,43,1233498,86821.54
2024,Q1,التسويق والمبيعات,دمياط - دمياط الجديدة,59,1704333,175779.42
2024,Q1,العمليات وسلاسل الإمداد,أسيوط - أسيوط الجديدة,75,2078100,129456.17
2024,Q1,العمليات وسلاسل الإمداد,سموحة,55,1501665,166363.6
2024,Q1,العمليات وسلاسل الإمداد,الإسكندرية - لوران,26,928512,77825.42
2024,Q1,العمليات وسلاسل الإمداد,الجيزة - 6 أكتوبر,58,1583748,150323.67
2024,Q1,العمليات وسلاسل الإمداد,الدقي,16,604224,55653.65
2024,Q1,العمليات وسلاسل الإمداد,الجيزة - الشيخ زايد,35,1818180,105244.94
2024,Q1,العمليات وسلاسل الإمداد,الدقهلية - المنصورة,37,1683870,166076.42
2024,Q1,العمليات وسلاسل الإمداد,الغربية - طنطا,19,662967,55713.17
2024,Q1,العمليات وسلاسل الإمداد,القاهرة - التجمع الخامس,72,2140776,255495.01
2024,Q1,العمليات وسلاسل الإمداد,القاهرة - القرية الذكية,80,3918480,300999.53
2024,Q1,العمليات وسلاسل الإمداد,القاهرة - المعادي,56,2130744,225862.39
2024,Q1,العمليات وسلاسل الإمداد,القاهرة - مصر الجديدة,66,2866050,341057.0
2024,Q1,العمليات وسلاسل الإمداد,بورسعيد - الشرق,54,1562814,155746.52
2024,Q1,العمليات وسلاسل الإمداد,دمياط - دمياط الجديدة,44,2346696,231569.3
2024,Q1,الموارد البشرية,أسيوط - أسيوط الجديدة,17,913461,64279.03
2024,Q1,الموارد البشرية,سموحة,66,2423916,127577.14
2024,Q1,الموارد البشرية,لوران,21,1002456,63357.44
2024,Q1,الموارد البشرية,الجيزة - 6 أكتوبر,18,869022,86161.69
2024,Q1,الموارد البشرية,فرع الدقي,21,614376,39879.54
2024,Q1,الموارد البشرية,الجيزة - الشيخ زايد,21,1095003,116552.28
2024,Q1,الموارد البشرية,الدقهلية - المنصورة,43,2204223,112557.35
2024,Q1,الموارد البشرية,الغربية - طنطا,23,935502,64473.13
2024,Q1,الموارد البشرية,القاهرة - التجمع الخامس,59,1623267,141557.3
2024,Q1,الموارد البشرية,القاهرة - القرية الذكية,38,1032840,64627.82
2024,Q1,الموارد البشرية,القاهرة - المعادي,27,1127925,87292.77
2024,Q1,الموارد البشرية,القاهرة - مصر الجديدة,54,2530278,281649.11
2024,Q1,الموارد البشرية,بورسعيد - الشرق,23,1149747,97205.2
2024,Q1,الموارد البشرية,دمياط - دمياط الجديدة,60,3215700,287724.37
2024,Q1,تكنولوجيا المعلومات,أسيوط - أسيوط الجديدة,65,3167970,207044.03
2024,Q1,تكنولوجيا المعلومات,الاسكندرية سموحة,26,728910,43513.1
2024,Q1,تكنولوجيا المعلومات,الإسكندرية - لوران,21,1050336,103799.29
2024,Q1,تكنولوجيا المعلومات,الجيزة - 6 أكتوبر,50,2530500,199187.75
2024,Q1,تكنولوجيا المعلومات,الدقي,49,1578633,188548.51
2024,Q1,تكنولوجيا المعلومات,الجيزة - الشيخ زايد,27,1130679,130620.72
2024,Q1,تكنولوجيا المعلومات,الدقهلية - المنصورة,34,1739100,123275.36
2024,Q1,تكنولوجيا المعلومات,الغربية - طنطا,25,1349325,82127.83
2024,Q1,تكنولوجيا المعلومات,فرع التجمع,28,1111572,82047.23
2024,Q1,تكنولوجيا المعلومات,القاهرة - القرية الذكية,77,3330558,281184.11
2024,Q1,تكنولوجيا المعلومات,القاهرة - المعادي,72,3103704,262521.67
2024,Q1,تكنولوجيا المعلومات,القاهرة - مصر الجديدة,79,2600364,198065.18
2024,Q1,تكنولوجيا المعلومات,الشرق,36,1705968,164875.16
2024,Q1,تكنولوجيا المعلومات,دمياط - دمياط الجديدة,54,1656288,106265.08
2024,Q1,خدمة العملاء والعمليات المساندة,أسيوط - أسيوط الجديدة,68,3199128,167293.94
2024,Q1,خدمة العملاء والعمليات المساندة,سموحة,67,3225648,350836.93
2024,Q1,خدمة العملاء والعمليات المساندة,الإسكندرية - لوران,34,1489812,113788.62
2024,Q1,خدمة العملاء والعمليات المساندة,الجيزة - 6 أكتوبر,38,1082430,127627.01
2024,Q1,خدمة العملاء والعمليات المساندة,الجيزة - الدقي,41,1398264,150354.95
2024,Q1,خدمة العملاء والعمليات المساندة,الجيزة - الشيخ زايد,62,3089832,262940.35
2024,Q1,خدمة العملاء والعمليات المساندة,الدقهلية - المنصورة,70,1916250,178597.94
2024,Q1,خدمة العملاء والعمليات المساندة,الغربية - طنطا,53,1483311,104408.83
2024,Q1,خدمة العملاء والعمليات المساندة,التجمع,32,1395072,145701.24
2024,Q1,خدمة العملاء والعمليات المساندة,القاهرة - القرية الذكية,79,2192250,232174.13
2024,Q1,خدمة العملاء والعمليات المساندة,فرع المعادي,46,1883286,125603.45
2024,Q1,خدمة العملاء والعمليات المساندة,القاهرة - مصر الجديدة,42,1843380,149832.4
2024,Q1,خدمة العملاء والعمليات المساندة,الشرق,21,1107918,124350.03
2024,Q1,خدمة العملاء والعمليات المساندة,دمياط - دمياط الجديدة,26,753324,39852.45
2024,Q2,الإدارة المالية,أسيوط - أسيوط الجديدة,79,3718293,232776.19
2024,Q2,الإدارة المالية,سموحة,70,2866920,246540.48
2024,Q2,الإدارة المالية,لوران,32,1000224,67402.93
2024,Q2,الإدارة المالية,الجيزة - 6 أكتوبر,26,878514,48090.06
2024,Q2,الإدارة المالية,الجيزة - الدقي,73,2709906,219544.32
2024,Q2,الإدارة المالية,الجيزة - الشيخ زايد,75,3087450,285105.15
2024,Q2,الإدارة المالية,المنصورة,52,2247024,140599.09
2024,Q2,الإدارة المالية,الغربية - طنطا,55,1979505,168420.01
2024,Q2,الإدارة المالية,القاهرة - التجمع الخامس,56,2282448,158890.62
2024,Q2,الإدارة المالية,القاهرة - القرية الذكية,20,833340,93501.24
2024,Q2,الإدارة المالية,القاهرة - المعادي,66,3176514,229773.9
2024,Q2,الإدارة المالية,القاهرة - مصر الجديدة,54,1742958,147312.47
2024,Q2,الإدارة المالية,الشرق,29,1503273,102182.33
2024,Q2,الإدارة المالية,دمياط - دمياط الجديدة,63,1822527,124968.4
2024,Q2,التسويق والمبيعات,أسيوط - أسيوط الجديدة,38,1104204,74298.98
2024,Q2,التسويق والمبيعات,الإسكندرية - سموحة,18,784404,88442.62
2024,Q2,التسويق والمبيعات,لوران,64,2271552,222381.02
2024,Q2,التسويق والمبيعات,الجيزة - 6 أكتوبر,75,3012300,281590.93
2024,Q2,التسويق والمبيعات,الجيزة - الدقي,28,1440012,111059.34
2024,Q2,التسويق والمبيعات,الجيزة - الشيخ زايد,42,1289736,119554.12
2024,Q2,التسويق والمبيعات,المنصورة,80,3619920,254897.71
2024,Q2,التسويق والمبيعات,الغربية - طنطا,55,1526580,171586.48
2024,Q2,التسويق والمبيعات,فرع التجمع,45,1745280,183988.97
2024,Q2,التسويق والمبيعات,القاهرة - القرية الذكية,58,3063444,196612.25
2024,Q2,التسويق والمبيعات,القاهرة - المعادي,64,2030208,216390.93
2024,Q2,التسويق والمبيعات,القاهرة - مصر الجديدة,66,2124144,236666.54
2024,Q2,التسويق والمبيعات,بورسعيد - الشرق,24,715752,63324.03
2024,Q2,التسويق والمبيعات,دمياط - دمياط الجديدة,26,867516,91475.9
2024,Q2,العمليات وسلاسل الإمداد,أسيوط - أسيوط الجديدة,33,1739529,112352.51
2024,Q2,العمليات وسلاسل الإمداد,الإسكندرية - سموحة,76,3152784,195074.27
2024,Q2,العمليات وسلاسل الإمداد,لوران,40,2080440,148584.12
2024,Q2,العمليات وسلاسل الإمداد,الجيزة - 6 أكتوبر,77,3346959,202683.02
2024,Q2,العمليات وسلاسل الإمداد,الجيزة - الدقي,65,2144220,133591.16
2024,Q2,العمليات وسلاسل الإمداد,الجيزة - الشيخ زايد,78,4147416,337000.41
2024,Q2,العمليات وسلاسل الإمداد,الدقهلية - المنصورة,16,439776,33494.94
2024,Q2,العمليات وسلاسل الإمداد,الغربية - طنطا,49,2423589,259510.77
2024,Q2,العمليات وسلاسل الإمداد,التجمع,26,1009242,52608.26
2024,Q2,العمليات وسلاسل الإمداد,القاهرة - القرية الذكية,34,1027446,54662.83
2024,Q2,العمليات وسلاسل الإمداد,فرع المعادي,34,1607316,140020.31
2024,Q2,العمليات وسلاسل الإمداد,القاهرة - مصر الجديدة,64,2349120,152530.63
2024,Q2,العمليات وسلاسل الإمداد,بورسعيد - الشرق,52,1572480,163002.75
2024,Q2,العمليات وسلاسل الإمداد,دمياط - دمياط الجديدة,69,1934829,185353.06
2024,Q2,الموارد البشرية,أسيوط - أسيوط الجديدة,61,2230770,150073.91
2024,Q2,الموارد البشرية,سموحة,64,2899584,162640.22
2024,Q2,الموارد البشرية,الإسكندرية - لوران,79,2313357,146174.99
2024,Q2,الموارد البشرية,الجيزة - 6 أكتوبر,38,1178646,66912.13
2024,Q2,الموارد البشرية,الدقي,24,927144,73794.94
2024,Q2,الموارد البشرية,الجيزة - الشيخ زايد,70,2498580,144881.64
2024,Q2,الموارد البشرية,المنصورة,73,3644598,208807.26
2024,Q2,الموارد البشرية,الغربية - طنطا,59,3150954,364149.75
2024,Q2,الموارد البشرية,القاهرة - التجمع الخامس,35,1150485,105408.26
2024,Q2,الموارد البشرية,القاهرة - القرية الذكية,75,3351375,283680.78
2024,Q2,الموارد البشرية,المعادي,42,1728972,107392.51
2024,Q2,الموارد البشرية,القاهرة - مصر الجديدة,64,2588544,256270.27
2024,Q2,الموارد البشرية,الشرق,62,3012642,178628.75
2024,Q2,الموارد البشرية,دمياط - دمياط الجديدة,46,1366338,77198.12
2024,Q2,تكنولوجيا المعلومات,أسيوط - أسيوط الجديدة,35,955710,80474.49
2024,Q2,تكنولوجيا المعلومات,سموحة,62,1890504,110468.29
2024,Q2,تكنولوجيا المعلومات,لوران,51,2376243,127506.78
2024,Q2,تكنولوجيا المعلومات,الجيزة - 6 أكتوبر,70,2586780,147757.23
2024,Q2,تكنولوجيا المعلومات,الجيزة - الدقي,28,971628,79076.59
2024,Q2,تكنولوجيا المعلومات,الجيزة - الشيخ زايد,61,2473794,152095.43
2024,Q2,تكنولوجيا المعلومات,المنصورة,41,1778826,172764.77
2024,Q2,تكنولوجيا المعلومات,الغربية - طنطا,74,3773334,333376.46
2024,Q2,تكنولوجيا المعلومات,القاهرة - التجمع الخامس,49,1324617,135801.23
2024,Q2,تكنولوجيا المعلومات,القاهرة - القرية الذكية,16,602304,64377.96
2024,Q2,تكنولوجيا المعلومات,المعادي,24,1195272,116055.85
2024,Q2,تكنولوجيا المعلومات,القاهرة - مصر الجديدة,80,4202640,430903.52
2024,Q2,تكنولوجيا المعلومات,بورسعيد - الشرق,51,2210544,227847.74
2024,Q2,تكنولوجيا المعلومات,دمياط - دمياط الجديدة,31,1020582,77214.35
2024,Q2,خدمة العملاء والعمليات المساندة,أسيوط - أسيوط الجديدة,18,839484,92760.02
2024,Q2,خدمة العملاء والعمليات المساندة,الإسكندرية - سموحة,35,1150800,100369.53
2024,Q2,خدمة العملاء والعمليات المساندة,لوران,54,2285982,191546.44
2024,Q2,خدمة العملاء والعمليات المساندة,الجيزة - 6 أكتوبر,61,1955904,209588.09
2024,Q2,خدمة العملاء والعمليات المساندة,الجيزة - الدقي,48,1713600,186342.98
2024,Q2,خدمة العملاء والعمليات المساندة,الجيزة - الشيخ زايد,51,2537352,163847.74
2024,Q2,خدمة العملاء والعمليات المساندة,المنصورة,45,1738935,172109.76
2024,Q2,خدمة العملاء والعمليات المساندة,الغربية - طنطا,77,3947328,287963.55
2024,Q2,خدمة العملاء والعمليات المساندة,فرع التجمع,77,2865786,203441.21
2024,Q2,خدمة العملاء والعمليات المساندة,القاهرة - القرية الذكية,64,2155392,207079.15
2024,Q2,خدمة العملاء والعمليات المساندة,القاهرة - المعادي,44,1592052,142991.98
2024,Q2,خدمة العملاء والعمليات المساندة,القاهرة - مصر الجديدة,18,823662,69644.98
2024,Q2,خدمة العملاء والعمليات المساندة,الشرق,41,1166901,117192.13
2024,Q2,خدمة العملاء والعمليات المساندة,دمياط - دمياط الجديدة,56,2687664,137854.17
2024,Q3,الإدارة المالية,أسيوط - أسيوط الجديدة,45,1234575,122138.76
2024,Q3,الإدارة المالية,سموحة,60,1753740,184449.42
2024,Q3,الإدارة المالية,الإسكندرية - لوران,72,3310632,210703.81
2024,Q3,الإدارة المالية,الجيزة - 6 أكتوبر,67,3072888,164525.85
2024,Q3,الإدارة المالية,فرع الدقي,37,1813740,179644.51
2024,Q3,الإدارة المالية,الجيزة - الشيخ زايد,21,1029231,111875.96
2024,Q3,الإدارة المالية,الدقهلية - المنصورة,35,1145865,111288.45
2024,Q3,الإدارة المالية,الغربية - طنطا,35,1862175,163228.02
2024,Q3,الإدارة المالية,القاهرة - التجمع الخامس,69,2809818,229944.1
2024,Q3,الإدارة المالية,القاهرة - القرية الذكية,57,1877922,118929.28
2024,Q3,الإدارة المالية,المعادي,28,978516,87030.12
2024,Q3,الإدارة المالية,القاهرة - مصر الجديدة,67,2962338,264438.8
2024,Q3,الإدارة المالية,الشرق,42,2100924,162443.2
2024,Q3,الإدارة المالية,دمياط - دمياط الجديدة,15,573975,56822.79
2024,Q3,التسويق والمبيعات,أسيوط - أسيوط الجديدة,18,835920,51681.95
2024,Q3,التسويق والمبيعات,الاسكندرية سموحة,60,2275020,229004.44
2024,Q3,التسويق والمبيعات,الإسكندرية - لوران,54,2094336,183442.7
2024,Q3,التسويق والمبيعات,الجيزة - 6 أكتوبر,63,3141369,326956.25
2024,Q3,التسويق والمبيعات,فرع الدقي,32,1512000,79549.42
2024,Q3,التسويق والمبيعات,الجيزة - الشيخ زايد,40,1376040,87502.06
2024,Q3,التسويق والمبيعات,المنصورة,55,2360985,267932.52
2024,Q3,التسويق والمبيعات,الغربية - طنطا,23,951786,52024.66
2024,Q3,التسويق والمبيعات,فرع التجمع,56,2080344,242295.21
2024,Q3,التسويق والمبيعات,القاهرة - القرية الذكية,46,2111676,249401.05
2024,Q3,التسويق والمبيعات,القاهرة - المعادي,43,2317227,141813.95
2024,Q3,التسويق والمبيعات,القاهرة - مصر الجديدة,24,681696,53967.15
2024,Q3,التسويق والمبيعات,بورسعيد - الشرق,31,995565,105319.8
2024,Q3,التسويق والمبيعات,دمياط - دمياط الجديدة,54,2717550,284062.13
2024,Q3,العمليات وسلاسل الإمداد,أسيوط - أسيوط الجديدة,52,1735032,127993.84
2024,Q3,العمليات وسلاسل الإمداد,الإسكندرية - سموحة,37,1224663,92543.2
2024,Q3,العمليات وسلاسل الإمداد,الإسكندرية - لوران,63,2346624,138070.26
2024,Q3,العمليات وسلاسل الإمداد,الجيزة - 6 أكتوبر,20,882840,75797.21
2024,Q3,العمليات وسلاسل الإمداد,الجيزة - الدقي,61,1686894,137607.67
2024,Q3,العمليات وسلاسل الإمداد,الجيزة - الشيخ زايد,70,3001950,232765.7
2024,Q3,العمليات وسلاسل الإمداد,الدقهلية - المنصورة,51,2733957,165837.95
2024,Q3,العمليات وسلاسل الإمداد,الغربية - طنطا,54,1826226,91974.07
2024,Q3,العمليات وسلاسل الإمداد,القاهرة - التجمع الخامس,27,828063,79790.83
2024,Q3,العمليات وسلاسل الإمداد,القاهرة - القرية الذكية,30,887940,72722.86
2024,Q3,العمليات وسلاسل الإمداد,فرع المعادي,38,1255596,133286.26
2024,Q3,العمليات وسلاسل الإمداد,القاهرة - مصر الجديدة,78,2163564,140955.57
2024,Q3,العمليات وسلاسل الإمداد,بورسعيد - الشرق,59,2053200,129561.87
2024,Q3,العمليات وسلاسل الإمداد,دمياط - دمياط الجديدة,79,2685447,172546.37
2024,Q3,الموارد البشرية,أسيوط - أسيوط الجديدة,65,2306070,265523.93
2024,Q3,الموارد البشرية,سموحة,52,2197104,214861.97
2024,Q3,الموارد البشرية,لوران,34,1295808,129381.72
2024,Q3,الموارد البشرية,الجيزة - 6 أكتوبر,36,1029564,93689.32
2024,Q3,الموارد البشرية,الدقي,46,1775646,206958.96
2024,Q3,الموارد البشرية,الجيزة - الشيخ زايد,46,1794414,131210.34
2024,Q3,الموارد البشرية,الدقهلية - المنصورة,41,1747338,185415.52
2024,Q3,الموارد البشرية,الغربية - طنطا,23,1164237,74609.72
2024,Q3,الموارد البشرية,القاهرة - التجمع الخامس,25,1160175,88998.84
2024,Q3,الموارد البشرية,القاهرة - القرية الذكية,25,1060950,124321.03
2024,Q3,الموارد البشرية,القاهرة - المعادي,21,784476,61557.6
2024,Q3,الموارد البشرية,القاهرة - مصر الجديدة,48,2240640,240355.07
2024,Q3,الموارد البشرية,بورسعيد - الشرق,16,649536,71649.37
2024,Q3,الموارد البشرية,دمياط - دمياط الجديدة,37,1563102,105397.56
2024,Q3,تكنولوجيا المعلومات,أسيوط - أسيوط الجديدة,30,943830,71175.71
2024,Q3,تكنولوجيا المعلومات,الاسكندرية سموحة,52,2609568,171587.3
2024,Q3,تكنولوجيا المعلومات,الإسكندرية - لوران,43,1191315,114490.98
2024,Q3,تكنولوجيا المعلومات,الجيزة - 6 أكتوبر,65,3286140,326638.78
2024,Q3,تكنولوجيا المعلومات,الجيزة - الدقي,64,3362688,289349.63
2024,Q3,تكنولوجيا المعلومات,الجيزة - الشيخ زايد,80,2843760,149781.22
2024,Q3,تكنولوجيا المعلومات,الدقهلية - المنصورة,62,2863842,194403.22
2024,Q3,تكنولوجيا المعلومات,الغربية - طنطا,47,1777023,104491.95
2024,Q3,تكنولوجيا المعلومات,القاهرة - التجمع الخامس,20,1006980,94367.09
2024,Q3,تكنولوجيا المعلومات,القاهرة - القرية الذكية,26,1269372,106331.78
2024,Q3,تكنولوجيا المعلومات,القاهرة - المعادي,77,3978975,476971.38
2024,Q3,تكنولوجيا المعلومات,القاهرة - مصر الجديدة,36,1698732,203675.63
2024,Q3,تكنولوجيا المعلومات,الشرق,58,2241120,178471.05
2024,Q3,تكنولوجيا المعلومات,دمياط - دمياط الجديدة,37,1722720,122104.71
2024,Q3,خدمة العملاء والعمليات المساندة,أسيوط - أسيوط الجديدة,42,2072952,190031.71
2024,Q3,خدمة العملاء والعمليات المساندة,الاسكندرية سموحة,55,1745535,178671.91
2024,Q3,خدمة العملاء والعمليات المساندة,لوران,71,3460398,184572.11
2024,Q3,خدمة العملاء والعمليات المساندة,الجيزة - 6 أكتوبر,53,2506158,241456.37
2024,Q3,خدمة العملاء والعمليات المساندة,فرع الدقي,70,2000460,225327.76
2024,Q3,خدمة العملاء والعمليات المساندة,الجيزة - الشيخ زايد,41,1706010,153960.76
2024,Q3,خدمة العملاء والعمليات المساندة,المنصورة,41,1344513,97005.87
2024,Q3,خدمة العملاء والعمليات المساندة,الغربية - طنطا,28,1086792,96928.59
2024,Q3,خدمة العملاء والعمليات المساندة,فرع التجمع,51,1662651,178800.31
2024,Q3,خدمة العملاء والعمليات المساندة,القاهرة - القرية الذكية,39,1247103,112230.35
2024,Q3,خدمة العملاء والعمليات المساندة,فرع المعادي,72,3578688,229781.04
2024,Q3,خدمة العملاء والعمليات المساندة,القاهرة - مصر الجديدة,36,1284768,132937.0
2024,Q3,خدمة العملاء والعمليات المساندة,بورسعيد - الشرق,20,824520,70574.72
2024,Q3,خدمة العملاء والعمليات المساندة,دمياط - دمياط الجديدة,77,3081309,294102.42
2024,Q4,الإدارة المالية,أسيوط - أسيوط الجديدة,15,657900,45296.05
2024,Q4,الإدارة المالية,سموحة,64,1772160,127220.98
2024,Q4,الإدارة المالية,لوران,56,1870344,114516.8
2024,Q4,الإدارة المالية,الجيزة - 6 أكتوبر,44,2180904,124376.02
2024,Q4,الإدارة المالية,الجيزة - الدقي,21,591003,63765.0
2024,Q4,الإدارة المالية,الجيزة - الشيخ زايد,79,3775173,443910.81
2024,Q4,الإدارة المالية,المنصورة,55,2491665,278761.05
2024,Q4,الإدارة المالية,الغربية - طنطا,25,882300,89813.63
2024,Q4,الإدارة المالية,القاهرة - التجمع الخامس,72,3594672,358367.31
2024,Q4,الإدارة المالية,القاهرة - القرية الذكية,38,1751382,126341.35
2024,Q4,الإدارة المالية,المعادي,41,1538607,175827.75
2024,Q4,الإدارة المالية,القاهرة - مصر الجديدة,80,3035280,258733.36
2024,Q4,الإدارة المالية,الشرق,44,2013924,195333.28
2024,Q4,الإدارة المالية,دمياط - دمياط الجديدة,31,875502,73727.88
2024,Q4,التسويق والمبيعات,أسيوط - أسيوط الجديدة,16,451584,37763.41
2024,Q4,التسويق والمبيعات,الإسكندرية - سموحة,70,3190110,293883.02
2024,Q4,التسويق والمبيعات,الإسكندرية - لوران,50,2699100,178229.36
2024,Q4,التسويق والمبيعات,الجيزة - 6 أكتوبر,36,1425384,89334.34
2024,Q4,التسويق والمبيعات,الدقي,55,1552155,86165.84
2024,Q4,التسويق والمبيعات,الجيزة - الشيخ زايد,73,3939591,324872.58
2024,Q4,التسويق والمبيعات,المنصورة,74,2433342,168419.66
2024,Q4,التسويق والمبيعات,الغربية - طنطا,70,2540370,262819.48
2024,Q4,التسويق والمبيعات,القاهرة - التجمع الخامس,46,2305842,133183.79
2024,Q4,التسويق والمبيعات,القاهرة - القرية الذكية,62,2491098,173744.83
2024,Q4,التسويق والمبيعات,المعادي,50,2525850,289962.37
2024,Q4,التسويق والمبيعات,القاهرة - مصر الجديدة,73,3406545,177290.68
2024,Q4,التسويق والمبيعات,الشرق,70,2886240,220163.19
2024,Q4,التسويق والمبيعات,دمياط - دمياط الجديدة,34,1610376,137781.82
2024,Q4,العمليات وسلاسل الإمداد,أسيوط - أسيوط الجديدة,63,2392551,193246.15
2024,Q4,العمليات وسلاسل الإمداد,الاسكندرية سموحة,62,3122754,161449.04
2024,Q4,العمليات وسلاسل الإمداد,الإسكندرية - لوران,29,786828,39392.72
2024,Q4,العمليات وسلاسل الإمداد,الجيزة - 6 أكتوبر,80,3870000,353124.69
2024,Q4,العمليات وسلاسل الإمداد,فرع الدقي,63,2626344,223588.45
2024,Q4,العمليات وسلاسل الإمداد,الجيزة - الشيخ زايد,75,2714625,215476.01
2024,Q4,العمليات وسلاسل الإمداد,المنصورة,66,1941192,166896.78
2024,Q4,العمليات وسلاسل الإمداد,الغربية - طنطا,21,675108,53645.19
2024,Q4,العمليات وسلاسل الإمداد,القاهرة - التجمع الخامس,25,1021875,73168.97
2024,Q4,العمليات وسلاسل الإمداد,القاهرة - القرية الذكية,47,1834551,127722.7
2024,Q4,العمليات وسلاسل الإمداد,المعادي,23,1182729,81785.76
2024,Q4,العمليات وسلاسل الإمداد,القاهرة - مصر الجديدة,17,858840,92783.77
2024,Q4,العمليات وسلاسل الإمداد,الشرق,39,1663857,117262.62
2024,Q4,العمليات وسلاسل الإمداد,دمياط - دمياط الجديدة,63,2840859,224515.14
2024,Q4,الموارد البشرية,أسيوط - أسيوط الجديدة,62,3169068,366259.73
2024,Q4,الموارد البشرية,الاسكندرية سموحة,57,2530629,203951.08
2024,Q4,الموارد البشرية,لوران,72,3035664,238843.64
2024,Q4,الموارد البشرية,الجيزة - 6 أكتوبر,48,2357856,266504.72
2024,Q4,الموارد البشرية,الدقي,26,1296048,75557.28
2024,Q4,الموارد البشرية,الجيزة - الشيخ زايد,62,3022872,281024.22
2024,Q4,الموارد البشرية,المنصورة,49,1673742,185490.61
2024,Q4,الموارد البشرية,الغربية - طنطا,55,1636965,83499.33
2024,Q4,الموارد البشرية,القاهرة - التجمع الخامس,41,1681656,104952.24
2024,Q4,الموارد البشرية,القاهرة - القرية الذكية,65,2300415,268839.21
2024,Q4,الموارد البشرية,القاهرة - المعادي,25,1194300,69050.16
2024,Q4,الموارد البشرية,القاهرة - مصر الجديدة,60,2064600,178225.82
2024,Q4,الموارد البشرية,الشرق,56,1955688,133344.56
2024,Q4,الموارد البشرية,دمياط - دمياط الجديدة,64,2764608,258694.24
2024,Q4,تكنولوجيا المعلومات,أسيوط - أسيوط الجديدة,55,1725240,167718.77
2024,Q4,تكنولوجيا المعلومات,الاسكندرية سموحة,41,1354845,68058.0
2024,Q4,تكنولوجيا المعلومات,الإسكندرية - لوران,20,562500,64282.79
2024,Q4,تكنولوجيا المعلومات,الجيزة - 6 أكتوبر,66,2368476,167759.6
2024,Q4,تكنولوجيا المعلومات,الدقي,42,1428714,82664.02
2024,Q4,تكنولوجيا المعلومات,الجيزة - الشيخ زايد,35,1073310,127453.62
2024,Q4,تكنولوجيا المعلومات,المنصورة,33,1733193,201484.67
2024,Q4,تكنولوجيا المعلومات,الغربية - طنطا,70,2745750,154420.94
2024,Q4,تكنولوجيا المعلومات,القاهرة - التجمع الخامس,29,1049568,113214.56
2024,Q4,تكنولوجيا المعلومات,القاهرة - القرية الذكية,58,2677512,163759.48
2024,Q4,تكنولوجيا المعلومات,المعادي,46,1460178,82172.91
2024,Q4,تكنولوجيا المعلومات,القاهرة - مصر الجديدة,33,1110384,56459.53
2024,Q4,تكنولوجيا المعلومات,الشرق,31,840069,63180.49
2024,Q4,تكنولوجيا المعلومات,دمياط - دمياط الجديدة,51,2039184,188328.78
2024,Q4,خدمة العملاء والعمليات المساندة,أسيوط - أسيوط الجديدة,47,2514876,132385.15
2024,Q4,خدمة العملاء والعمليات المساندة,سموحة,16,451632,47432.06
2024,Q4,خدمة العملاء والعمليات المساندة,الإسكندرية - لوران,67,3595086,334755.31
2024,Q4,خدمة العملاء والعمليات المساندة,الجيزة - 6 أكتوبر,34,1814172,174417.24
2024,Q4,خدمة العملاء والعمليات المساندة,الدقي,42,1872108,211956.99
2024,Q4,خدمة العملاء والعمليات المساندة,الجيزة - الشيخ زايد,30,811080,46882.13
2024,Q4,خدمة العملاء والعمليات المساندة,المنصورة,76,3876228,423909.56
2024,Q4,خدمة العملاء والعمليات المساندة,الغربية - طنطا,34,1806624,147348.66
2024,Q4,خدمة العملاء والعمليات المساندة,فرع التجمع,80,3781200,296141.93
2024,Q4,خدمة العملاء والعمليات المساندة,القاهرة - القرية الذكية,53,2494551,192007.24
2024,Q4,خدمة العملاء والعمليات المساندة,القاهرة - المعادي,52,1669356,136584.3
2024,Q4,خدمة العملاء والعمليات المساندة,القاهرة - مصر الجديدة,32,1641024,189483.5
2024,Q4,خدمة العملاء والعمليات المساندة,الشرق,32,1024992,94164.96
2024,Q4,خدمة العملاء والعمليات المساندة,دمياط - دمياط الجديدة,17,873222,51961.27
